USE PetShop;
GO

-- INSERT DATA menggunakan SP
EXEC sp_InsertCustomer @id = 1, @name = 'Budi Santoso';
EXEC sp_InsertCustomer @id = 2, @name = 'Raffi Rafian';
EXEC sp_InsertCustomer @id = 3, @name = 'Pandu Wijaya';
EXEC sp_InsertCustomer @id = 4, @name = 'Zahra Putri';
EXEC sp_InsertCustomer @id = 5, @name = 'Sanny Utama';
EXEC sp_InsertCustomer @id = 6, @name = 'Tata Lestari';
EXEC sp_InsertCustomer @id = 7, @name = 'Adi Nugraha';
EXEC sp_InsertCustomer @id = 8, @name = 'Siti Aminah';
EXEC sp_InsertCustomer @id = 9, @name = 'Rizky Pratama';
EXEC sp_InsertCustomer @id = 10, @name = 'Dewi Sartika';
EXEC sp_InsertCustomer @id = 11, @name = 'Eko Kurniawan';
EXEC sp_InsertCustomer @id = 12, @name = 'Fajar Hidayat';
EXEC sp_InsertCustomer @id = 13, @name = 'Gina Melinda';
EXEC sp_InsertCustomer @id = 14, @name = 'Hendra Gunawan';
EXEC sp_InsertCustomer @id = 15, @name = 'Indah Permata';
EXEC sp_InsertCustomer @id = 16, @name = 'Joko Susilo';
EXEC sp_InsertCustomer @id = 17, @name = 'Kartika Sari';
EXEC sp_InsertCustomer @id = 18, @name = 'Lukman Hakim';
EXEC sp_InsertCustomer @id = 19, @name = 'Maya Agustina';
EXEC sp_InsertCustomer @id = 20, @name = 'Nurul Hidayah';
EXEC sp_InsertCustomer @id = 21, @name = 'Oscar Wijaya';
EXEC sp_InsertCustomer @id = 22, @name = 'Putri Rahayu';
EXEC sp_InsertCustomer @id = 23, @name = 'Qory Sandi';
EXEC sp_InsertCustomer @id = 24, @name = 'Rina Marlina';
EXEC sp_InsertCustomer @id = 25, @name = 'Surya Saputra';
EXEC sp_InsertCustomer @id = 26, @name = 'Tio Prasetyo';
EXEC sp_InsertCustomer @id = 27, @name = 'Ujang Komarudin';
EXEC sp_InsertCustomer @id = 28, @name = 'Vina Amelia';
EXEC sp_InsertCustomer @id = 29, @name = 'Wahyu Setiawan';
EXEC sp_InsertCustomer @id = 30, @name = 'Xaverius Chandra';
EXEC sp_InsertCustomer @id = 31, @name = 'Yulia Citra';
EXEC sp_InsertCustomer @id = 32, @name = 'Zainal Abidin';
EXEC sp_InsertCustomer @id = 33, @name = 'Agus Salim';
EXEC sp_InsertCustomer @id = 34, @name = 'Bambang Pamungkas';
EXEC sp_InsertCustomer @id = 35, @name = 'Citra Kirana';
EXEC sp_InsertCustomer @id = 36, @name = 'Dedi Mulyadi';
EXEC sp_InsertCustomer @id = 37, @name = 'Endang Suherman';
EXEC sp_InsertCustomer @id = 38, @name = 'Farah Quinn';
EXEC sp_InsertCustomer @id = 39, @name = 'Gilang Ramadhan';
EXEC sp_InsertCustomer @id = 40, @name = 'Hesti Purwanti';
EXEC sp_InsertCustomer @id = 41, @name = 'Iwan Fals';
EXEC sp_InsertCustomer @id = 42, @name = 'Jessica Iskandar';
EXEC sp_InsertCustomer @id = 43, @name = 'Kevin Julio';
EXEC sp_InsertCustomer @id = 44, @name = 'Lesti Kejora';
EXEC sp_InsertCustomer @id = 45, @name = 'Maman Suherman';
EXEC sp_InsertCustomer @id = 46, @name = 'Nabila Syakieb';
EXEC sp_InsertCustomer @id = 47, @name = 'Oki Setiana';
EXEC sp_InsertCustomer @id = 48, @name = 'Pasha Ungu';
EXEC sp_InsertCustomer @id = 49, @name = 'Reza Rahadian';
EXEC sp_InsertCustomer @id = 50, @name = 'Sule Sutisna';
EXEC sp_InsertCustomer @id = 51, @name = 'Taufik Hidayat';
EXEC sp_InsertCustomer @id = 52, @name = 'Ussy Sulistiawaty';
EXEC sp_InsertCustomer @id = 53, @name = 'Vino Bastian';
EXEC sp_InsertCustomer @id = 54, @name = 'Wulan Guritno';
EXEC sp_InsertCustomer @id = 55, @name = 'Yoga Pratama';
EXEC sp_InsertCustomer @id = 56, @name = 'Zaskia Sungkar';
EXEC sp_InsertCustomer @id = 57, @name = 'Ahmad Dhani';
EXEC sp_InsertCustomer @id = 58, @name = 'Bunga Citra';
EXEC sp_InsertCustomer @id = 59, @name = 'Cakra Khan';
EXEC sp_InsertCustomer @id = 60, @name = 'Denny Cagur';
EXEC sp_InsertCustomer @id = 61, @name = 'Eriska Rein';
EXEC sp_InsertCustomer @id = 62, @name = 'Fauzi Baadilla';
EXEC sp_InsertCustomer @id = 63, @name = 'Gading Marten';
EXEC sp_InsertCustomer @id = 64, @name = 'Hengky Kurniawan';
EXEC sp_InsertCustomer @id = 65, @name = 'Irfan Hakim';
EXEC sp_InsertCustomer @id = 66, @name = 'Julie Estelle';
EXEC sp_InsertCustomer @id = 67, @name = 'Kiki Amalia';
EXEC sp_InsertCustomer @id = 68, @name = 'Luna Maya';
EXEC sp_InsertCustomer @id = 69, @name = 'Marcel Chandrawinata';
EXEC sp_InsertCustomer @id = 70, @name = 'Nirina Zubir';
EXEC sp_InsertCustomer @id = 71, @name = 'Olga Syahputra';
EXEC sp_InsertCustomer @id = 72, @name = 'Prilly Latuconsina';
EXEC sp_InsertCustomer @id = 73, @name = 'Raffi Ahmad';
EXEC sp_InsertCustomer @id = 74, @name = 'Sandra Dewi';
EXEC sp_InsertCustomer @id = 75, @name = 'Titi Kamal';
EXEC sp_InsertCustomer @id = 76, @name = 'Uya Kuya';
EXEC sp_InsertCustomer @id = 77, @name = 'Verrell Bramasta';
EXEC sp_InsertCustomer @id = 78, @name = 'Wendy Cagur';
EXEC sp_InsertCustomer @id = 79, @name = 'Yuni Shara';
EXEC sp_InsertCustomer @id = 80, @name = 'Zaskia Adya';
EXEC sp_InsertCustomer @id = 81, @name = 'Andre Taulany';
EXEC sp_InsertCustomer @id = 82, @name = 'Boy William';
EXEC sp_InsertCustomer @id = 83, @name = 'Chicco Jerikho';
EXEC sp_InsertCustomer @id = 84, @name = 'Desta Mahendra';
EXEC sp_InsertCustomer @id = 85, @name = 'Enzy Storia';
EXEC sp_InsertCustomer @id = 86, @name = 'Fero Walandouw';
EXEC sp_InsertCustomer @id = 87, @name = 'Gracia Indri';
EXEC sp_InsertCustomer @id = 88, @name = 'Hito Caesar';
EXEC sp_InsertCustomer @id = 89, @name = 'Irish Bella';
EXEC sp_InsertCustomer @id = 90, @name = 'Jefri Nichol';
EXEC sp_InsertCustomer @id = 91, @name = 'Kimberly Ryder';
EXEC sp_InsertCustomer @id = 92, @name = 'Laudya Cynthia';
EXEC sp_InsertCustomer @id = 93, @name = 'Mikha Tambayong';
EXEC sp_InsertCustomer @id = 94, @name = 'Nikita Willy';
EXEC sp_InsertCustomer @id = 95, @name = 'Olla Ramlan';
EXEC sp_InsertCustomer @id = 96, @name = 'Pevita Pearce';
EXEC sp_InsertCustomer @id = 97, @name = 'Raline Shah';
EXEC sp_InsertCustomer @id = 98, @name = 'Syifa Hadju';
EXEC sp_InsertCustomer @id = 99, @name = 'Tatjana Saphira';
EXEC sp_InsertCustomer @id = 100, @name = 'Yuki Kato';

-- sp_InsertCustContact
EXEC sp_InsertCustContact @contact = '0810001', @cust_id = 1;
EXEC sp_InsertCustContact @contact = '0810002', @cust_id = 2;
EXEC sp_InsertCustContact @contact = '0810003', @cust_id = 3;
EXEC sp_InsertCustContact @contact = '0810004', @cust_id = 4;
EXEC sp_InsertCustContact @contact = '0810005', @cust_id = 5;
EXEC sp_InsertCustContact @contact = '0810006', @cust_id = 6;
EXEC sp_InsertCustContact @contact = '0810007', @cust_id = 7;
EXEC sp_InsertCustContact @contact = '0810008', @cust_id = 8;
EXEC sp_InsertCustContact @contact = '0810009', @cust_id = 9;
EXEC sp_InsertCustContact @contact = '0810010', @cust_id = 10;
EXEC sp_InsertCustContact @contact = '0810011', @cust_id = 11;
EXEC sp_InsertCustContact @contact = '0810012', @cust_id = 12;
EXEC sp_InsertCustContact @contact = '0810013', @cust_id = 13;
EXEC sp_InsertCustContact @contact = '0810014', @cust_id = 14;
EXEC sp_InsertCustContact @contact = '0810015', @cust_id = 15;
EXEC sp_InsertCustContact @contact = '0810016', @cust_id = 16;
EXEC sp_InsertCustContact @contact = '0810017', @cust_id = 17;
EXEC sp_InsertCustContact @contact = '0810018', @cust_id = 18;
EXEC sp_InsertCustContact @contact = '0810019', @cust_id = 19;
EXEC sp_InsertCustContact @contact = '0810020', @cust_id = 20;
EXEC sp_InsertCustContact @contact = '0810021', @cust_id = 21;
EXEC sp_InsertCustContact @contact = '0810022', @cust_id = 22;
EXEC sp_InsertCustContact @contact = '0810023', @cust_id = 23;
EXEC sp_InsertCustContact @contact = '0810024', @cust_id = 24;
EXEC sp_InsertCustContact @contact = '0810025', @cust_id = 25;
EXEC sp_InsertCustContact @contact = '0810026', @cust_id = 26;
EXEC sp_InsertCustContact @contact = '0810027', @cust_id = 27;
EXEC sp_InsertCustContact @contact = '0810028', @cust_id = 28;
EXEC sp_InsertCustContact @contact = '0810029', @cust_id = 29;
EXEC sp_InsertCustContact @contact = '0810030', @cust_id = 30;
EXEC sp_InsertCustContact @contact = '0810031', @cust_id = 31;
EXEC sp_InsertCustContact @contact = '0810032', @cust_id = 32;
EXEC sp_InsertCustContact @contact = '0810033', @cust_id = 33;
EXEC sp_InsertCustContact @contact = '0810034', @cust_id = 34;
EXEC sp_InsertCustContact @contact = '0810035', @cust_id = 35;
EXEC sp_InsertCustContact @contact = '0810036', @cust_id = 36;
EXEC sp_InsertCustContact @contact = '0810037', @cust_id = 37;
EXEC sp_InsertCustContact @contact = '0810038', @cust_id = 38;
EXEC sp_InsertCustContact @contact = '0810039', @cust_id = 39;
EXEC sp_InsertCustContact @contact = '0810040', @cust_id = 40;
EXEC sp_InsertCustContact @contact = '0810041', @cust_id = 41;
EXEC sp_InsertCustContact @contact = '0810042', @cust_id = 42;
EXEC sp_InsertCustContact @contact = '0810043', @cust_id = 43;
EXEC sp_InsertCustContact @contact = '0810044', @cust_id = 44;
EXEC sp_InsertCustContact @contact = '0810045', @cust_id = 45;
EXEC sp_InsertCustContact @contact = '0810046', @cust_id = 46;
EXEC sp_InsertCustContact @contact = '0810047', @cust_id = 47;
EXEC sp_InsertCustContact @contact = '0810048', @cust_id = 48;
EXEC sp_InsertCustContact @contact = '0810049', @cust_id = 49;
EXEC sp_InsertCustContact @contact = '0810050', @cust_id = 50;
EXEC sp_InsertCustContact @contact = '0810051', @cust_id = 51;
EXEC sp_InsertCustContact @contact = '0810052', @cust_id = 52;
EXEC sp_InsertCustContact @contact = '0810053', @cust_id = 53;
EXEC sp_InsertCustContact @contact = '0810054', @cust_id = 54;
EXEC sp_InsertCustContact @contact = '0810055', @cust_id = 55;
EXEC sp_InsertCustContact @contact = '0810056', @cust_id = 56;
EXEC sp_InsertCustContact @contact = '0810057', @cust_id = 57;
EXEC sp_InsertCustContact @contact = '0810058', @cust_id = 58;
EXEC sp_InsertCustContact @contact = '0810059', @cust_id = 59;
EXEC sp_InsertCustContact @contact = '0810060', @cust_id = 60;
EXEC sp_InsertCustContact @contact = '0810061', @cust_id = 61;
EXEC sp_InsertCustContact @contact = '0810062', @cust_id = 62;
EXEC sp_InsertCustContact @contact = '0810063', @cust_id = 63;
EXEC sp_InsertCustContact @contact = '0810064', @cust_id = 64;
EXEC sp_InsertCustContact @contact = '0810065', @cust_id = 65;
EXEC sp_InsertCustContact @contact = '0810066', @cust_id = 66;
EXEC sp_InsertCustContact @contact = '0810067', @cust_id = 67;
EXEC sp_InsertCustContact @contact = '0810068', @cust_id = 68;
EXEC sp_InsertCustContact @contact = '0810069', @cust_id = 69;
EXEC sp_InsertCustContact @contact = '0810070', @cust_id = 70;
EXEC sp_InsertCustContact @contact = '0810071', @cust_id = 71;
EXEC sp_InsertCustContact @contact = '0810072', @cust_id = 72;
EXEC sp_InsertCustContact @contact = '0810073', @cust_id = 73;
EXEC sp_InsertCustContact @contact = '0810074', @cust_id = 74;
EXEC sp_InsertCustContact @contact = '0810075', @cust_id = 75;
EXEC sp_InsertCustContact @contact = '0810076', @cust_id = 76;
EXEC sp_InsertCustContact @contact = '0810077', @cust_id = 77;
EXEC sp_InsertCustContact @contact = '0810078', @cust_id = 78;
EXEC sp_InsertCustContact @contact = '0810079', @cust_id = 79;
EXEC sp_InsertCustContact @contact = '0810080', @cust_id = 80;
EXEC sp_InsertCustContact @contact = '0810081', @cust_id = 81;
EXEC sp_InsertCustContact @contact = '0810082', @cust_id = 82;
EXEC sp_InsertCustContact @contact = '0810083', @cust_id = 83;
EXEC sp_InsertCustContact @contact = '0810084', @cust_id = 84;
EXEC sp_InsertCustContact @contact = '0810085', @cust_id = 85;
EXEC sp_InsertCustContact @contact = '0810086', @cust_id = 86;
EXEC sp_InsertCustContact @contact = '0810087', @cust_id = 87;
EXEC sp_InsertCustContact @contact = '0810088', @cust_id = 88;
EXEC sp_InsertCustContact @contact = '0810089', @cust_id = 89;
EXEC sp_InsertCustContact @contact = '0810090', @cust_id = 90;
EXEC sp_InsertCustContact @contact = '0810091', @cust_id = 91;
EXEC sp_InsertCustContact @contact = '0810092', @cust_id = 92;
EXEC sp_InsertCustContact @contact = '0810093', @cust_id = 93;
EXEC sp_InsertCustContact @contact = '0810094', @cust_id = 94;
EXEC sp_InsertCustContact @contact = '0810095', @cust_id = 95;
EXEC sp_InsertCustContact @contact = '0810096', @cust_id = 96;
EXEC sp_InsertCustContact @contact = '0810097', @cust_id = 97;
EXEC sp_InsertCustContact @contact = '0810098', @cust_id = 98;
EXEC sp_InsertCustContact @contact = '0810099', @cust_id = 99;
EXEC sp_InsertCustContact @contact = '0810100', @cust_id = 100;

-- === DATA PRODUCT ===
EXEC sp_InsertProduct @id = 001, @name = 'Whiskas Tuna 500g', @stock = 20, @price = 21000.00;
EXEC sp_InsertProduct @id = 002, @name = 'Whiskas Chicken 500g', @stock = 25, @price = 22000.00;
EXEC sp_InsertProduct @id = 003, @name = 'Whiskas Salmon 500g', @stock = 30, @price = 23000.00;
EXEC sp_InsertProduct @id = 004, @name = 'Whiskas Tuna 1kg', @stock = 35, @price = 41000.00;
EXEC sp_InsertProduct @id = 005, @name = 'Whiskas Chicken 1kg', @stock = 40, @price = 42000.00;
EXEC sp_InsertProduct @id = 006, @name = 'Whiskas Ocean Fish 500g', @stock = 22, @price = 20000.00;
EXEC sp_InsertProduct @id = 007, @name = 'Whiskas Adult Beef 500g', @stock = 28, @price = 21500.00;
EXEC sp_InsertProduct @id = 008, @name = 'Whiskas Adult Mackerel 500g', @stock = 24, @price = 21700.00;
EXEC sp_InsertProduct @id = 009, @name = 'Whiskas Junior Tuna 450g', @stock = 33, @price = 24000.00;
EXEC sp_InsertProduct @id = 010, @name = 'Whiskas Junior Mackerel 450g', @stock = 27, @price = 24500.00;

EXEC sp_InsertProduct @id = 011, @name = 'Royal Canin Persian 500g', @stock = 18, @price = 65000.00;
EXEC sp_InsertProduct @id = 012, @name = 'Royal Canin Kitten 500g', @stock = 21, @price = 62000.00;
EXEC sp_InsertProduct @id = 013, @name = 'Royal Canin Hairball 500g', @stock = 25, @price = 63000.00;
EXEC sp_InsertProduct @id = 014, @name = 'Royal Canin Urinary 500g', @stock = 23, @price = 64000.00;
EXEC sp_InsertProduct @id = 015, @name = 'Royal Canin Indoor 500g', @stock = 29, @price = 65500.00;
EXEC sp_InsertProduct @id = 016, @name = 'Royal Canin Persian 1kg', @stock = 31, @price = 125000.00;
EXEC sp_InsertProduct @id = 017, @name = 'Royal Canin Kitten 1kg', @stock = 33, @price = 123000.00;
EXEC sp_InsertProduct @id = 018, @name = 'Royal Canin Indoor 1kg', @stock = 27, @price = 127000.00;
EXEC sp_InsertProduct @id = 019, @name = 'Royal Canin Hairball 1kg', @stock = 22, @price = 126500.00;
EXEC sp_InsertProduct @id = 020, @name = 'Royal Canin Urinary 1kg', @stock = 26, @price = 128000.00;

EXEC sp_InsertProduct @id = 021, @name = 'Me-O Tuna 500g', @stock = 45, @price = 18000.00;
EXEC sp_InsertProduct @id = 022, @name = 'Me-O Chicken 500g', @stock = 48, @price = 18200.00;
EXEC sp_InsertProduct @id = 023, @name = 'Me-O Seafood 500g', @stock = 52, @price = 18500.00;
EXEC sp_InsertProduct @id = 024, @name = 'Me-O Tuna 1kg', @stock = 40, @price = 35000.00;
EXEC sp_InsertProduct @id = 025, @name = 'Me-O Chicken 1kg', @stock = 42, @price = 35500.00;
EXEC sp_InsertProduct @id = 026, @name = 'Me-O Ocean Fish 500g', @stock = 37, @price = 17000.00;
EXEC sp_InsertProduct @id = 027, @name = 'Me-O Adult Beef 500g', @stock = 35, @price = 16500.00;
EXEC sp_InsertProduct @id = 028, @name = 'Me-O Adult Tuna 500g', @stock = 38, @price = 17500.00;
EXEC sp_InsertProduct @id = 029, @name = 'Me-O Kitten Tuna 450g', @stock = 45, @price = 20000.00;
EXEC sp_InsertProduct @id = 030, @name = 'Me-O Kitten Chicken 450g', @stock = 44, @price = 20500.00;

EXEC sp_InsertProduct @id = 031, @name = 'Pedigree Beef 1kg', @stock = 40, @price = 30000.00;
EXEC sp_InsertProduct @id = 032, @name = 'Pedigree Chicken 1kg', @stock = 38, @price = 31000.00;
EXEC sp_InsertProduct @id = 033, @name = 'Pedigree Puppy Milk 500g', @stock = 42, @price = 25000.00;
EXEC sp_InsertProduct @id = 034, @name = 'Pedigree Adult Beef 500g', @stock = 35, @price = 26000.00;
EXEC sp_InsertProduct @id = 035, @name = 'Pedigree Adult Chicken 500g', @stock = 37, @price = 25500.00;
EXEC sp_InsertProduct @id = 036, @name = 'Pedigree Puppy Chicken 500g', @stock = 39, @price = 24500.00;
EXEC sp_InsertProduct @id = 037, @name = 'Pedigree Beef Canned 400g', @stock = 50, @price = 20000.00;
EXEC sp_InsertProduct @id = 038, @name = 'Pedigree Chicken Canned 400g', @stock = 48, @price = 19500.00;
EXEC sp_InsertProduct @id = 039, @name = 'Pedigree Liver Canned 400g', @stock = 52, @price = 20500.00;
EXEC sp_InsertProduct @id = 040, @name = 'Pedigree Tuna Canned 400g', @stock = 49, @price = 19800.00;

EXEC sp_InsertProduct @id = 041, @name = 'Friskies Seafood Sensation 500g', @stock = 28, @price = 26000.00;
EXEC sp_InsertProduct @id = 042, @name = 'Friskies Indoor Delights 500g', @stock = 31, @price = 27000.00;
EXEC sp_InsertProduct @id = 043, @name = 'Friskies Meaty Grills 500g', @stock = 34, @price = 27500.00;
EXEC sp_InsertProduct @id = 044, @name = 'Friskies Seafood Sensation 1kg', @stock = 30, @price = 52000.00;
EXEC sp_InsertProduct @id = 045, @name = 'Friskies Indoor Delights 1kg', @stock = 33, @price = 53000.00;
EXEC sp_InsertProduct @id = 046, @name = 'Friskies Tuna 450g', @stock = 36, @price = 24000.00;
EXEC sp_InsertProduct @id = 047, @name = 'Friskies Chicken 450g', @stock = 37, @price = 24500.00;
EXEC sp_InsertProduct @id = 048, @name = 'Friskies Salmon 450g', @stock = 39, @price = 25000.00;
EXEC sp_InsertProduct @id = 049, @name = 'Friskies Ocean Fish 450g', @stock = 38, @price = 25500.00;
EXEC sp_InsertProduct @id = 050, @name = 'Friskies Mackerel 450g', @stock = 40, @price = 26000.00;

EXEC sp_InsertProduct @id = 051, @name = 'Purina One Adult Chicken 500g', @stock = 26, @price = 35000.00;
EXEC sp_InsertProduct @id = 052, @name = 'Purina One Indoor 500g', @stock = 28, @price = 36000.00;
EXEC sp_InsertProduct @id = 053, @name = 'Purina One Kitten 500g', @stock = 22, @price = 34000.00;
EXEC sp_InsertProduct @id = 054, @name = 'Purina One Hairball 500g', @stock = 27, @price = 36500.00;
EXEC sp_InsertProduct @id = 055, @name = 'Purina One Adult Chicken 1kg', @stock = 30, @price = 69000.00;
EXEC sp_InsertProduct @id = 056, @name = 'Purina One Indoor 1kg', @stock = 32, @price = 70000.00;
EXEC sp_InsertProduct @id = 057, @name = 'Purina One Kitten 1kg', @stock = 29, @price = 67000.00;
EXEC sp_InsertProduct @id = 058, @name = 'Purina One Hairball 1kg', @stock = 34, @price = 71000.00;
EXEC sp_InsertProduct @id = 059, @name = 'Purina One Tuna 500g', @stock = 33, @price = 35000.00;
EXEC sp_InsertProduct @id = 060, @name = 'Purina One Salmon 500g', @stock = 36, @price = 36000.00;

EXEC sp_InsertProduct @id = 061, @name = 'Equilibrio Adult Cat 500g', @stock = 20, @price = 54000.00;
EXEC sp_InsertProduct @id = 062, @name = 'Equilibrio Kitten 500g', @stock = 22, @price = 55000.00;
EXEC sp_InsertProduct @id = 063, @name = 'Equilibrio Hairball 500g', @stock = 25, @price = 56000.00;
EXEC sp_InsertProduct @id = 064, @name = 'Equilibrio Adult Cat 1kg', @stock = 23, @price = 108000.00;
EXEC sp_InsertProduct @id = 065, @name = 'Equilibrio Kitten 1kg', @stock = 24, @price = 110000.00;
EXEC sp_InsertProduct @id = 066, @name = 'Equilibrio Chicken 450g', @stock = 27, @price = 52000.00;
EXEC sp_InsertProduct @id = 067, @name = 'Equilibrio Tuna 450g', @stock = 29, @price = 52500.00;
EXEC sp_InsertProduct @id = 068, @name = 'Equilibrio Salmon 450g', @stock = 30, @price = 53000.00;
EXEC sp_InsertProduct @id = 069, @name = 'Equilibrio Ocean Fish 450g', @stock = 28, @price = 53500.00;
EXEC sp_InsertProduct @id = 070, @name = 'Equilibrio Lamb 450g', @stock = 26, @price = 54000.00;

EXEC sp_InsertProduct @id = 071, @name = 'Hill’s Science Diet Adult 500g', @stock = 18, @price = 58000.00;
EXEC sp_InsertProduct @id = 072, @name = 'Hill’s Science Diet Kitten 500g', @stock = 16, @price = 59000.00;
EXEC sp_InsertProduct @id = 073, @name = 'Hill’s Science Hairball 500g', @stock = 19, @price = 60000.00;
EXEC sp_InsertProduct @id = 074, @name = 'Hill’s Science Indoor 500g', @stock = 21, @price = 60500.00;
EXEC sp_InsertProduct @id = 075, @name = 'Hill’s Science Adult 1kg', @stock = 23, @price = 119000.00;
EXEC sp_InsertProduct @id = 076, @name = 'Hill’s Science Kitten 1kg', @stock = 22, @price = 121000.00;
EXEC sp_InsertProduct @id = 077, @name = 'Hill’s Science Indoor 1kg', @stock = 20, @price = 122000.00;
EXEC sp_InsertProduct @id = 078, @name = 'Hill’s Science Hairball 1kg', @stock = 24, @price = 123000.00;
EXEC sp_InsertProduct @id = 079, @name = 'Hill’s Science Tuna 500g', @stock = 28, @price = 59000.00;
EXEC sp_InsertProduct @id = 080, @name = 'Hill’s Science Salmon 500g', @stock = 27, @price = 60000.00;

EXEC sp_InsertProduct @id = 081, @name = 'Bolt Tuna 1kg', @stock = 35, @price = 28000.00;
EXEC sp_InsertProduct @id = 082, @name = 'Bolt Chicken 1kg', @stock = 32, @price = 28500.00;
EXEC sp_InsertProduct @id = 083, @name = 'Bolt Ocean Fish 1kg', @stock = 36, @price = 29000.00;
EXEC sp_InsertProduct @id = 084, @name = 'Bolt Tuna 500g', @stock = 38, @price = 15000.00;
EXEC sp_InsertProduct @id = 085, @name = 'Bolt Chicken 500g', @stock = 40, @price = 15500.00;
EXEC sp_InsertProduct @id = 086, @name = 'Bolt Ocean Fish 500g', @stock = 34, @price = 15800.00;
EXEC sp_InsertProduct @id = 087, @name = 'Bolt Beef 500g', @stock = 37, @price = 16000.00;
EXEC sp_InsertProduct @id = 088, @name = 'Bolt Salmon 500g', @stock = 39, @price = 17000.00;
EXEC sp_InsertProduct @id = 089, @name = 'Bolt Lamb 500g', @stock = 33, @price = 18000.00;
EXEC sp_InsertProduct @id = 090, @name = 'Bolt Mackerel 500g', @stock = 35, @price = 17500.00;

EXEC sp_InsertProduct @id = 091, @name = 'Maxi Chicken 1kg', @stock = 40, @price = 26000.00;
EXEC sp_InsertProduct @id = 092, @name = 'Maxi Tuna 1kg', @stock = 42, @price = 26500.00;
EXEC sp_InsertProduct @id = 093, @name = 'Maxi Beef 1kg', @stock = 38, @price = 27000.00;
EXEC sp_InsertProduct @id = 094, @name = 'Maxi Chicken 500g', @stock = 36, @price = 14500.00;
EXEC sp_InsertProduct @id = 095, @name = 'Maxi Tuna 500g', @stock = 37, @price = 15000.00;
EXEC sp_InsertProduct @id = 096, @name = 'Maxi Beef 500g', @stock = 39, @price = 15500.00;
EXEC sp_InsertProduct @id = 097, @name = 'Maxi Salmon 500g', @stock = 34, @price = 16000.00;
EXEC sp_InsertProduct @id = 098, @name = 'Maxi Lamb 500g', @stock = 35, @price = 16500.00;
EXEC sp_InsertProduct @id = 099, @name = 'Maxi Ocean Fish 500g', @stock = 33, @price = 16800.00;
EXEC sp_InsertProduct @id = 100, @name = 'Maxi Mackerel 500g', @stock = 32, @price = 17000.00;

-- === DATA DRUG  ===
EXEC sp_InsertDrug @id = 001, @name = 'Frontline Spray';
EXEC sp_InsertDrug @id = 002, @name = 'Drontal Plus';
EXEC sp_InsertDrug @id = 003, @name = 'Paranicol Dewormer';
EXEC sp_InsertDrug @id = 004, @name = 'Royal Care Vitamin';
EXEC sp_InsertDrug @id = 005, @name = 'Kalvidog Multivitamin';

EXEC sp_InsertDrug @id = 006, @name = 'Frontline Combo';
EXEC sp_InsertDrug @id = 007, @name = 'NexGard Chew';
EXEC sp_InsertDrug @id = 008, @name = 'Revolution Spot On';
EXEC sp_InsertDrug @id = 009, @name = 'Advocate Spot On';
EXEC sp_InsertDrug @id = 010, @name = 'Bravecto Chew';

EXEC sp_InsertDrug @id = 011, @name = 'Simparica Trio';
EXEC sp_InsertDrug @id = 012, @name = 'Baytril 50mg';
EXEC sp_InsertDrug @id = 013, @name = 'Baytril 150mg';
EXEC sp_InsertDrug @id = 014, @name = 'Clavamox 62.5mg';
EXEC sp_InsertDrug @id = 015, @name = 'Clavamox 125mg';

EXEC sp_InsertDrug @id = 016, @name = 'Ketoconazole Tablet';
EXEC sp_InsertDrug @id = 017, @name = 'Itraconazole Capsule';
EXEC sp_InsertDrug @id = 018, @name = 'Fluconazole 50mg';
EXEC sp_InsertDrug @id = 019, @name = 'Cefixime 100mg';
EXEC sp_InsertDrug @id = 020, @name = 'Ceftriaxone Injection';

EXEC sp_InsertDrug @id = 021, @name = 'Doxycycline 100mg';
EXEC sp_InsertDrug @id = 022, @name = 'Amoxicillin 250mg';
EXEC sp_InsertDrug @id = 023, @name = 'Amoxiclav 500mg';
EXEC sp_InsertDrug @id = 024, @name = 'Metronidazole 250mg';
EXEC sp_InsertDrug @id = 025, @name = 'Meloxicam Injection';

EXEC sp_InsertDrug @id = 026, @name = 'Prednisone 5mg';
EXEC sp_InsertDrug @id = 027, @name = 'Prednisolone 5mg';
EXEC sp_InsertDrug @id = 028, @name = 'Dexamethasone Injection';
EXEC sp_InsertDrug @id = 029, @name = 'Vitamin B Complex';
EXEC sp_InsertDrug @id = 030, @name = 'Vitamin C Injection';

EXEC sp_InsertDrug @id = 031, @name = 'Vitamin E Tablet';
EXEC sp_InsertDrug @id = 032, @name = 'Liver Supplement';
EXEC sp_InsertDrug @id = 033, @name = 'Joint Care Tablet';
EXEC sp_InsertDrug @id = 034, @name = 'Omega-3 Fish Oil';
EXEC sp_InsertDrug @id = 035, @name = 'Zinc Supplement';

EXEC sp_InsertDrug @id = 036, @name = 'Calcium Tablet';
EXEC sp_InsertDrug @id = 037, @name = 'Bone Strength Powder';
EXEC sp_InsertDrug @id = 038, @name = 'Probiotic Powder';
EXEC sp_InsertDrug @id = 039, @name = 'Gut Health Supplement';
EXEC sp_InsertDrug @id = 040, @name = 'Skin & Coat Formula';

EXEC sp_InsertDrug @id = 041, @name = 'Anti-Hairfall Supplement';
EXEC sp_InsertDrug @id = 042, @name = 'Antifungal Ointment';
EXEC sp_InsertDrug @id = 043, @name = 'Antibacterial Ointment';
EXEC sp_InsertDrug @id = 044, @name = 'Wound Healing Spray';
EXEC sp_InsertDrug @id = 045, @name = 'Ear Mite Treatment';

EXEC sp_InsertDrug @id = 046, @name = 'Eye Drop Antibiotic';
EXEC sp_InsertDrug @id = 047, @name = 'Eye Drop Lubricant';
EXEC sp_InsertDrug @id = 048, @name = 'Nasal Drop Decongestant';
EXEC sp_InsertDrug @id = 049, @name = 'Antiseptic Solution';
EXEC sp_InsertDrug @id = 050, @name = 'Antidiarrheal Suspension';

EXEC sp_InsertDrug @id = 051, @name = 'Dewormer Liquid';
EXEC sp_InsertDrug @id = 052, @name = 'Tapeworm Treatment';
EXEC sp_InsertDrug @id = 053, @name = 'Roundworm Treatment';
EXEC sp_InsertDrug @id = 054, @name = 'Hookworm Treatment';
EXEC sp_InsertDrug @id = 055, @name = 'Flea Shampoo';

EXEC sp_InsertDrug @id = 056, @name = 'Tick Shampoo';
EXEC sp_InsertDrug @id = 057, @name = 'Medicated Shampoo';
EXEC sp_InsertDrug @id = 058, @name = 'Dermatitis Cream';
EXEC sp_InsertDrug @id = 059, @name = 'Mange Treatment';
EXEC sp_InsertDrug @id = 060, @name = 'Fungal Shampoo';

EXEC sp_InsertDrug @id = 061, @name = 'Allergy Relief Tablet';
EXEC sp_InsertDrug @id = 062, @name = 'Antihistamine 5mg';
EXEC sp_InsertDrug @id = 063, @name = 'Respiratory Support Syrup';
EXEC sp_InsertDrug @id = 064, @name = 'Cough Suppressant';
EXEC sp_InsertDrug @id = 065, @name = 'Bronchodilator Syrup';

EXEC sp_InsertDrug @id = 066, @name = 'Pain Relief Tablet';
EXEC sp_InsertDrug @id = 067, @name = 'Anti-Inflammatory Gel';
EXEC sp_InsertDrug @id = 068, @name = 'Analgesic Injection';
EXEC sp_InsertDrug @id = 069, @name = 'Sedative Injection';
EXEC sp_InsertDrug @id = 070, @name = 'Anesthetic Spray';

EXEC sp_InsertDrug @id = 071, @name = 'Oral Rehydration Salt';
EXEC sp_InsertDrug @id = 072, @name = 'Electrolyte Solution';
EXEC sp_InsertDrug @id = 073, @name = 'Hydration Gel';
EXEC sp_InsertDrug @id = 074, @name = 'Immune Booster Tablet';
EXEC sp_InsertDrug @id = 075, @name = 'Immune Booster Syrup';

EXEC sp_InsertDrug @id = 076, @name = 'Vitamin B12 Injection';
EXEC sp_InsertDrug @id = 077, @name = 'Iron Supplement';
EXEC sp_InsertDrug @id = 078, @name = 'Lactulose Syrup';
EXEC sp_InsertDrug @id = 079, @name = 'Urinary Health Tablet';
EXEC sp_InsertDrug @id = 080, @name = 'Kidney Support Supplement';

EXEC sp_InsertDrug @id = 081, @name = 'Liver Detox Syrup';
EXEC sp_InsertDrug @id = 082, @name = 'Heart Health Tablet';
EXEC sp_InsertDrug @id = 083, @name = 'Cardiac Support Formula';
EXEC sp_InsertDrug @id = 084, @name = 'Blood Booster Capsule';
EXEC sp_InsertDrug @id = 085, @name = 'Thyroid Support Tablet';

EXEC sp_InsertDrug @id = 086, @name = 'Insulin Injection';
EXEC sp_InsertDrug @id = 087, @name = 'Diabetes Control Tablet';
EXEC sp_InsertDrug @id = 088, @name = 'Weight Gain Supplement';
EXEC sp_InsertDrug @id = 089, @name = 'Weight Loss Supplement';
EXEC sp_InsertDrug @id = 090, @name = 'Appetite Stimulant';

EXEC sp_InsertDrug @id = 091, @name = 'Anti-Vomit Syrup';
EXEC sp_InsertDrug @id = 092, @name = 'Gastric Protection Tablet';
EXEC sp_InsertDrug @id = 093, @name = 'Stomach Enzyme Powder';
EXEC sp_InsertDrug @id = 094, @name = 'Laxative Tablet';
EXEC sp_InsertDrug @id = 095, @name = 'Probiotic Chew';

EXEC sp_InsertDrug @id = 096, @name = 'Vaccine Rabies';
EXEC sp_InsertDrug @id = 097, @name = 'Vaccine Parvo';
EXEC sp_InsertDrug @id = 098, @name = 'Vaccine Distemper';
EXEC sp_InsertDrug @id = 099, @name = 'Vaccine Flu';
EXEC sp_InsertDrug @id = 100, @name = 'Vaccine Multivalent';

-- VETERINARIAN
EXEC sp_InsertVeterinarian 1, 'Drh. Andi Pratama', 'Jl. Merpati No. 45', 'LIC001';
EXEC sp_InsertVeterinarian 2, 'Drh. Bella Safitri', 'Jl. Kenanga No. 12', 'LIC002';
EXEC sp_InsertVeterinarian 3, 'Drh. Candra Wijaya', 'Jl. Diponegoro No. 8', 'LIC003';
EXEC sp_InsertVeterinarian 4, 'Drh. Dinda Kirana', 'Jl. Sudirman No. 99', 'LIC004';
EXEC sp_InsertVeterinarian 5, 'Drh. Eka Nugraha', 'Jl. Ahmad Yani No. 23', 'LIC005';
EXEC sp_InsertVeterinarian 6, 'Drh. Farah Amalia', 'Jl. Melati Indah No. 5', 'LIC006';
EXEC sp_InsertVeterinarian 7, 'Drh. Gilang Ramadhan', 'Jl. Kebon Jeruk No. 11', 'LIC007';
EXEC sp_InsertVeterinarian 8, 'Drh. Hana Pertiwi', 'Jl. Anggrek Raya No. 7', 'LIC008';
EXEC sp_InsertVeterinarian 9, 'Drh. Indra Lesmana', 'Jl. Flamboyan No. 3', 'LIC009';
EXEC sp_InsertVeterinarian 10, 'Drh. Juwita Sari', 'Jl. Cendrawasih No. 10', 'LIC010';
-- Care Taker
EXEC sp_InsertCareTaker 11, 'Indah Permatasari', 'Jl. Anggrek No. 10', 'CERT011';
EXEC sp_InsertCareTaker 12, 'Joko Susilo', 'Jl. Kamboja No. 5', 'CERT012';
EXEC sp_InsertCareTaker 13, 'Kartika Sari', 'Jl. Melati No. 8', 'CERT013';
EXEC sp_InsertCareTaker 14, 'Lukman Hakim', 'Jl. Kenanga No. 12', 'CERT014';
EXEC sp_InsertCareTaker 15, 'Maya Agustina', 'Jl. Flamboyan No. 3', 'CERT015';
EXEC sp_InsertCareTaker 16, 'Nurul Hidayah', 'Jl. Cempaka No. 15', 'CERT016';
EXEC sp_InsertCareTaker 17, 'Oscar Wijaya', 'Jl. Dahlia No. 22', 'CERT017';
EXEC sp_InsertCareTaker 18, 'Putri Rahayu', 'Jl. Teratai No. 7', 'CERT018';
EXEC sp_InsertCareTaker 19, 'Qory Sandi', 'Jl. Alamanda No. 9', 'CERT019';
EXEC sp_InsertCareTaker 20, 'Rina Marlina', 'Jl. Bougenville No. 14', 'CERT020';
-- Cashier
EXEC sp_InsertCashier 21, 'Pasha Hidayat', 'Jl. Rambutan No. 12', 'TRAIN021';
EXEC sp_InsertCashier 22, 'Reza Pratama', 'Jl. Salak No. 8', 'TRAIN022';
EXEC sp_InsertCashier 23, 'Suleman Hakim', 'Jl. Duku No. 5', 'TRAIN023';
EXEC sp_InsertCashier 24, 'Taufik Rahman', 'Jl. Pepaya No. 10', 'TRAIN024';
EXEC sp_InsertCashier 25, 'Ussy Andini', 'Jl. Nanas No. 3', 'TRAIN025';

-- Staff Login
EXEC sp_InsertStaffLogIn 1;
EXEC sp_InsertStaffLogIn 2;
EXEC sp_InsertStaffLogIn 3;
EXEC sp_InsertStaffLogIn 4;
EXEC sp_InsertStaffLogIn 5;
EXEC sp_InsertStaffLogIn 6;
EXEC sp_InsertStaffLogIn 7;
EXEC sp_InsertStaffLogIn 8;
EXEC sp_InsertStaffLogIn 9;
EXEC sp_InsertStaffLogIn 10;
EXEC sp_InsertStaffLogIn 11;
EXEC sp_InsertStaffLogIn 12;
EXEC sp_InsertStaffLogIn 13;
EXEC sp_InsertStaffLogIn 14;
EXEC sp_InsertStaffLogIn 15;
EXEC sp_InsertStaffLogIn 16;
EXEC sp_InsertStaffLogIn 17;
EXEC sp_InsertStaffLogIn 18;
EXEC sp_InsertStaffLogIn 19;
EXEC sp_InsertStaffLogIn 20;
EXEC sp_InsertStaffLogIn 21;
EXEC sp_InsertStaffLogIn 22;
EXEC sp_InsertStaffLogIn 23;
EXEC sp_InsertStaffLogIn 24;
EXEC sp_InsertStaffLogIn 25;

-- Staff Logout
EXEC sp_InsertStaffLogOut 1;
EXEC sp_InsertStaffLogOut 2;
EXEC sp_InsertStaffLogOut 3;
EXEC sp_InsertStaffLogOut 4;
EXEC sp_InsertStaffLogOut 5;
EXEC sp_InsertStaffLogOut 6;
EXEC sp_InsertStaffLogOut 7;
EXEC sp_InsertStaffLogOut 8;
EXEC sp_InsertStaffLogOut 9;
EXEC sp_InsertStaffLogOut 10;
EXEC sp_InsertStaffLogOut 11;
EXEC sp_InsertStaffLogOut 12;
EXEC sp_InsertStaffLogOut 13;
EXEC sp_InsertStaffLogOut 14;
EXEC sp_InsertStaffLogOut 15;
EXEC sp_InsertStaffLogOut 16;
EXEC sp_InsertStaffLogOut 17;
EXEC sp_InsertStaffLogOut 18;
EXEC sp_InsertStaffLogOut 19;
EXEC sp_InsertStaffLogOut 20;
EXEC sp_InsertStaffLogOut 21;
EXEC sp_InsertStaffLogOut 22;
EXEC sp_InsertStaffLogOut 23;
EXEC sp_InsertStaffLogOut 24;
EXEC sp_InsertStaffLogOut 25;


-- PET
EXEC sp_InsertPet @id = 1, @name = 'Charlie', @species = 'Dog', @birth_date = '2021-01-15', @cust_id = 1;
EXEC sp_InsertPet @id = 2, @name = 'Loki', @species = 'Cat', @birth_date = '2022-03-17', @cust_id = 1;
EXEC sp_InsertPet @id = 3, @name = 'Toby', @species = 'Dog', @birth_date = '2021-01-15', @cust_id = 2;
EXEC sp_InsertPet @id = 4, @name = 'Luki', @species = 'Cat', @birth_date = '2022-03-17', @cust_id = 3;
EXEC sp_InsertPet @id = 5, @name = 'Buddy', @species = 'Dog', @birth_date = '2020-11-22', @cust_id = 2;

EXEC sp_InsertPet @id = 6, @name = 'Milo', @species = 'Cat', @birth_date = '2021-05-21', @cust_id = 3;
EXEC sp_InsertPet @id = 7, @name = 'Rocky', @species = 'Dog', @birth_date = '2020-12-11', @cust_id = 4;
EXEC sp_InsertPet @id = 8, @name = 'Zara', @species = 'Cat', @birth_date = '2022-04-19', @cust_id = 4;
EXEC sp_InsertPet @id = 9, @name = 'Duke', @species = 'Dog', @birth_date = '2021-09-01', @cust_id = 5;
EXEC sp_InsertPet @id = 10, @name = 'Nala', @species = 'Cat', @birth_date = '2022-06-27', @cust_id = 6;

EXEC sp_InsertPet @id = 11, @name = 'Oscar', @species = 'Dog', @birth_date = '2021-02-13', @cust_id = 5;
EXEC sp_InsertPet @id = 12, @name = 'Mimi', @species = 'Cat', @birth_date = '2020-10-30', @cust_id = 7;
EXEC sp_InsertPet @id = 13, @name = 'Rex', @species = 'Dog', @birth_date = '2021-12-05', @cust_id = 7;
EXEC sp_InsertPet @id = 14, @name = 'Celine', @species = 'Cat', @birth_date = '2022-01-17', @cust_id = 8;
EXEC sp_InsertPet @id = 15, @name = 'Simba', @species = 'Dog', @birth_date = '2020-09-08', @cust_id = 6;

EXEC sp_InsertPet @id = 16, @name = 'Lucy', @species = 'Cat', @birth_date = '2022-05-12', @cust_id = 9;
EXEC sp_InsertPet @id = 17, @name = 'Bruno', @species = 'Dog', @birth_date = '2021-03-19', @cust_id = 10;
EXEC sp_InsertPet @id = 18, @name = 'Maya', @species = 'Cat', @birth_date = '2020-07-15', @cust_id = 9;
EXEC sp_InsertPet @id = 19, @name = 'Benny', @species = 'Dog', @birth_date = '2021-06-22', @cust_id = 8;
EXEC sp_InsertPet @id = 20, @name = 'Suki', @species = 'Cat', @birth_date = '2022-11-09', @cust_id = 11;

EXEC sp_InsertPet @id = 21, @name = 'Thor', @species = 'Dog', @birth_date = '2021-08-24', @cust_id = 12;
EXEC sp_InsertPet @id = 22, @name = 'Lola', @species = 'Cat', @birth_date = '2022-02-14', @cust_id = 12;
EXEC sp_InsertPet @id = 23, @name = 'Max', @species = 'Dog', @birth_date = '2020-12-31', @cust_id = 13;
EXEC sp_InsertPet @id = 24, @name = 'Ginger', @species = 'Cat', @birth_date = '2021-04-01', @cust_id = 13;
EXEC sp_InsertPet @id = 25, @name = 'Chico', @species = 'Dog', @birth_date = '2022-07-30', @cust_id = 14;

EXEC sp_InsertPet @id = 26, @name = 'Tara', @species = 'Cat', @birth_date = '2020-05-16', @cust_id = 14;
EXEC sp_InsertPet @id = 27, @name = 'Cooper', @species = 'Dog', @birth_date = '2021-10-07', @cust_id = 15;
EXEC sp_InsertPet @id = 28, @name = 'Luna', @species = 'Cat', @birth_date = '2022-03-21', @cust_id = 16;
EXEC sp_InsertPet @id = 29, @name = 'Apollo', @species = 'Dog', @birth_date = '2020-08-11', @cust_id = 15;
EXEC sp_InsertPet @id = 30, @name = 'Bell', @species = 'Cat', @birth_date = '2021-09-12', @cust_id = 17;

EXEC sp_InsertPet @id = 31, @name = 'Murphy', @species = 'Dog', @birth_date = '2021-11-23', @cust_id = 18;
EXEC sp_InsertPet @id = 32, @name = 'Kira', @species = 'Cat', @birth_date = '2022-06-10', @cust_id = 18;
EXEC sp_InsertPet @id = 33, @name = 'Zeus', @species = 'Dog', @birth_date = '2020-01-09', @cust_id = 19;
EXEC sp_InsertPet @id = 34, @name = 'Momo', @species = 'Cat', @birth_date = '2021-03-28', @cust_id = 19;
EXEC sp_InsertPet @id = 35, @name = 'Harley', @species = 'Dog', @birth_date = '2022-09-17', @cust_id = 20;

EXEC sp_InsertPet @id = 36, @name = 'Koko', @species = 'Cat', @birth_date = '2020-11-01', @cust_id = 21;
EXEC sp_InsertPet @id = 37, @name = 'Leo', @species = 'Dog', @birth_date = '2021-05-18', @cust_id = 21;
EXEC sp_InsertPet @id = 38, @name = 'Mina', @species = 'Cat', @birth_date = '2022-12-02', @cust_id = 22;
EXEC sp_InsertPet @id = 39, @name = 'Rambo', @species = 'Dog', @birth_date = '2021-02-04', @cust_id = 23;
EXEC sp_InsertPet @id = 40, @name = 'Nova', @species = 'Cat', @birth_date = '2022-08-13', @cust_id = 22;

EXEC sp_InsertPet @id = 41, @name = 'Koda', @species = 'Dog', @birth_date = '2021-08-10', @cust_id = 17;
EXEC sp_InsertPet @id = 42, @name = 'Mochi', @species = 'Cat', @birth_date = '2023-02-28', @cust_id = 18;
EXEC sp_InsertPet @id = 43, @name = 'Bruno', @species = 'Dog', @birth_date = '2022-09-18', @cust_id = 18;
EXEC sp_InsertPet @id = 44, @name = 'Chloe', @species = 'Cat', @birth_date = '2021-07-07', @cust_id = 19;
EXEC sp_InsertPet @id = 45, @name = 'Ace', @species = 'Dog', @birth_date = '2020-03-25', @cust_id = 19;

EXEC sp_InsertPet @id = 46, @name = 'Zoe', @species = 'Cat', @birth_date = '2021-01-01', @cust_id = 20;
EXEC sp_InsertPet @id = 47, @name = 'Teddy', @species = 'Dog', @birth_date = '2022-04-04', @cust_id = 20;
EXEC sp_InsertPet @id = 48, @name = 'Gigi', @species = 'Cat', @birth_date = '2020-06-17', @cust_id = 21;
EXEC sp_InsertPet @id = 49, @name = 'Leo', @species = 'Dog', @birth_date = '2021-10-26', @cust_id = 21;
EXEC sp_InsertPet @id = 50, @name = 'Ruby', @species = 'Cat', @birth_date = '2022-11-30', @cust_id = 22;

EXEC sp_InsertPet @id = 51, @name = 'Tank', @species = 'Dog', @birth_date = '2020-04-14', @cust_id = 23;
EXEC sp_InsertPet @id = 52, @name = 'Sushi', @species = 'Cat', @birth_date = '2021-05-05', @cust_id = 24;
EXEC sp_InsertPet @id = 53, @name = 'Jake', @species = 'Dog', @birth_date = '2021-12-19', @cust_id = 24;
EXEC sp_InsertPet @id = 54, @name = 'Lulu', @species = 'Cat', @birth_date = '2020-08-15', @cust_id = 25;
EXEC sp_InsertPet @id = 55, @name = 'Scout', @species = 'Dog', @birth_date = '2022-02-10', @cust_id = 25;

EXEC sp_InsertPet @id = 56, @name = 'Shadow', @species = 'Cat', @birth_date = '2021-11-22', @cust_id = 26;
EXEC sp_InsertPet @id = 57, @name = 'Bear', @species = 'Dog', @birth_date = '2022-07-19', @cust_id = 27;
EXEC sp_InsertPet @id = 58, @name = 'Trixie', @species = 'Cat', @birth_date = '2023-01-13', @cust_id = 28;
EXEC sp_InsertPet @id = 59, @name = 'Riley', @species = 'Dog', @birth_date = '2021-02-09', @cust_id = 29;
EXEC sp_InsertPet @id = 60, @name = 'Penny', @species = 'Cat', @birth_date = '2022-06-23', @cust_id = 30;

EXEC sp_InsertPet @id = 61, @name = 'Blu', @species = 'Dog', @birth_date = '2020-05-18', @cust_id = 31;
EXEC sp_InsertPet @id = 62, @name = 'Nico', @species = 'Cat', @birth_date = '2021-09-12', @cust_id = 32;
EXEC sp_InsertPet @id = 63, @name = 'Finn', @species = 'Dog', @birth_date = '2022-10-05', @cust_id = 33;
EXEC sp_InsertPet @id = 64, @name = 'Sophie', @species = 'Cat', @birth_date = '2021-03-28', @cust_id = 34;
EXEC sp_InsertPet @id = 65, @name = 'Zara', @species = 'Dog', @birth_date = '2020-01-02', @cust_id = 35;

EXEC sp_InsertPet @id = 66, @name = 'Navi', @species = 'Cat', @birth_date = '2022-03-16', @cust_id = 36;
EXEC sp_InsertPet @id = 67, @name = 'Atlas', @species = 'Dog', @birth_date = '2021-07-07', @cust_id = 37;
EXEC sp_InsertPet @id = 68, @name = 'Snow', @species = 'Cat', @birth_date = '2020-09-12', @cust_id = 38;
EXEC sp_InsertPet @id = 69, @name = 'Diesel', @species = 'Dog', @birth_date = '2022-06-18', @cust_id = 39;
EXEC sp_InsertPet @id = 70, @name = 'Hazel', @species = 'Cat', @birth_date = '2021-02-02', @cust_id = 40;

EXEC sp_InsertPet @id = 71, @name = 'Sassy', @species = 'Dog', @birth_date = '2020-08-17', @cust_id = 41;
EXEC sp_InsertPet @id = 72, @name = 'Olive', @species = 'Cat', @birth_date = '2021-11-09', @cust_id = 42;
EXEC sp_InsertPet @id = 73, @name = 'Rocco', @species = 'Dog', @birth_date = '2022-09-21', @cust_id = 43;
EXEC sp_InsertPet @id = 74, @name = 'Pixie', @species = 'Cat', @birth_date = '2023-04-04', @cust_id = 44;
EXEC sp_InsertPet @id = 75, @name = 'Chip', @species = 'Dog', @birth_date = '2021-10-15', @cust_id = 45;

EXEC sp_InsertPet @id = 76, @name = 'Gizmo', @species = 'Cat', @birth_date = '2020-05-31', @cust_id = 46;
EXEC sp_InsertPet @id = 77, @name = 'Bolt', @species = 'Dog', @birth_date = '2021-06-08', @cust_id = 47;
EXEC sp_InsertPet @id = 78, @name = 'Mango', @species = 'Cat', @birth_date = '2022-03-19', @cust_id = 48;
EXEC sp_InsertPet @id = 79, @name = 'Cesar', @species = 'Dog', @birth_date = '2020-12-14', @cust_id = 49;
EXEC sp_InsertPet @id = 80, @name = 'Pearl', @species = 'Cat', @birth_date = '2021-08-26', @cust_id = 50;

EXEC sp_InsertPet @id = 81, @name = 'Fluffy', @species = 'Dog', @birth_date = '2022-01-24', @cust_id = 60;
EXEC sp_InsertPet @id = 82, @name = 'Mochi', @species = 'Cat', @birth_date = '2021-09-04', @cust_id = 61;
EXEC sp_InsertPet @id = 83, @name = 'Bingo', @species = 'Dog', @birth_date = '2020-07-18', @cust_id = 62;
EXEC sp_InsertPet @id = 84, @name = 'Misty', @species = 'Cat', @birth_date = '2022-11-09', @cust_id = 63;
EXEC sp_InsertPet @id = 85, @name = 'Whiskey', @species = 'Dog', @birth_date = '2021-04-05', @cust_id = 64;

EXEC sp_InsertPet @id = 86, @name = 'Pumpkin', @species = 'Cat', @birth_date = '2020-10-22', @cust_id = 70;
EXEC sp_InsertPet @id = 87, @name = 'Titan', @species = 'Dog', @birth_date = '2021-01-15', @cust_id = 75;
EXEC sp_InsertPet @id = 88, @name = 'Lola', @species = 'Cat', @birth_date = '2023-03-01', @cust_id = 80;
EXEC sp_InsertPet @id = 89, @name = 'Daisy', @species = 'Dog', @birth_date = '2020-02-11', @cust_id = 85;
EXEC sp_InsertPet @id = 90, @name = 'Kiki', @species = 'Cat', @birth_date = '2021-12-06', @cust_id = 90;

EXEC sp_InsertPet @id = 91, @name = 'Bobby', @species = 'Dog', @birth_date = '2022-05-27', @cust_id = 96;
EXEC sp_InsertPet @id = 92, @name = 'Maru', @species = 'Cat', @birth_date = '2021-07-14', @cust_id = 97;
EXEC sp_InsertPet @id = 93, @name = 'Hank', @species = 'Dog', @birth_date = '2020-09-21', @cust_id = 98;
EXEC sp_InsertPet @id = 94, @name = 'Nova', @species = 'Cat', @birth_date = '2022-08-09', @cust_id = 99;
EXEC sp_InsertPet @id = 95, @name = 'Bane', @species = 'Dog', @birth_date = '2021-03-07', @cust_id = 100;

EXEC sp_InsertPet @id = 96, @name = 'Taco', @species = 'Cat', @birth_date = '2020-12-20', @cust_id = 100;
EXEC sp_InsertPet @id = 97, @name = 'Harley', @species = 'Dog', @birth_date = '2022-07-15', @cust_id = 100;
EXEC sp_InsertPet @id = 98, @name = 'Onyx', @species = 'Cat', @birth_date = '2021-05-10', @cust_id = 97;
EXEC sp_InsertPet @id = 99, @name = 'Blue', @species = 'Dog', @birth_date = '2022-03-14', @cust_id = 100;
EXEC sp_InsertPet @id = 100, @name = 'Ivy', @species = 'Cat', @birth_date = '2023-01-19', @cust_id = 75;

-- Medical Record
EXEC sp_InsertMedicalRecord 1, 'General Check-up', 'Vitamin Supplement', '2025-11-22', 1;
EXEC sp_InsertMedicalRecord 2, 'Diarrhea', 'Probiotic Medication', '2025-11-22', 2;
EXEC sp_InsertMedicalRecord 3, 'Skin Rash', 'Topical Cream', '2025-11-22', 3;
EXEC sp_InsertMedicalRecord 4, 'Dental Check', 'Dental Cleaning', '2025-11-22', 4;
EXEC sp_InsertMedicalRecord 5, 'Ear Infection', 'Ear Drops', '2025-11-22', 5;
EXEC sp_InsertMedicalRecord 6, 'Fracture', 'Bandage Treatment', '2025-11-22', 6;
EXEC sp_InsertMedicalRecord 7, 'Vaccination', 'Rabies Vaccine', '2025-11-22', 7;
EXEC sp_InsertMedicalRecord 8, 'Vomiting', 'Anti-nausea Medication', '2025-11-22', 8;
EXEC sp_InsertMedicalRecord 9, 'Parasite Infection', 'Anti-parasitic', '2025-11-22', 9;
EXEC sp_InsertMedicalRecord 10, 'Fever', 'Antipyretic Injection', '2025-11-22', 10;

EXEC sp_InsertMedicalRecord 11, 'General Check-up', 'Vitamin Supplement', '2025-11-23', 11;
EXEC sp_InsertMedicalRecord 12, 'Diarrhea', 'Probiotic Medication', '2025-11-23', 12;
EXEC sp_InsertMedicalRecord 13, 'Skin Rash', 'Topical Cream', '2025-11-23', 13;
EXEC sp_InsertMedicalRecord 14, 'Dental Check', 'Dental Cleaning', '2025-11-23', 14;
EXEC sp_InsertMedicalRecord 15, 'Ear Infection', 'Ear Drops', '2025-11-23', 15;
EXEC sp_InsertMedicalRecord 16, 'Fracture', 'Bandage Treatment', '2025-11-23', 16;
EXEC sp_InsertMedicalRecord 17, 'Vaccination', 'Rabies Vaccine', '2025-11-23', 17;
EXEC sp_InsertMedicalRecord 18, 'Vomiting', 'Anti-nausea Medication', '2025-11-23', 18;
EXEC sp_InsertMedicalRecord 19, 'Parasite Infection', 'Anti-parasitic', '2025-11-23', 19;
EXEC sp_InsertMedicalRecord 20, 'Fever', 'Antipyretic Injection', '2025-11-23', 20;

EXEC sp_InsertMedicalRecord 21, 'General Check-up', 'Vitamin Supplement', '2025-11-24', 21;
EXEC sp_InsertMedicalRecord 22, 'Diarrhea', 'Probiotic Medication', '2025-11-24', 22;
EXEC sp_InsertMedicalRecord 23, 'Skin Rash', 'Topical Cream', '2025-11-24', 23;
EXEC sp_InsertMedicalRecord 24, 'Dental Check', 'Dental Cleaning', '2025-11-24', 24;
EXEC sp_InsertMedicalRecord 25, 'Ear Infection', 'Ear Drops', '2025-11-24', 25;
EXEC sp_InsertMedicalRecord 26, 'Fracture', 'Bandage Treatment', '2025-11-24', 26;
EXEC sp_InsertMedicalRecord 27, 'Vaccination', 'Rabies Vaccine', '2025-11-24', 27;
EXEC sp_InsertMedicalRecord 28, 'Vomiting', 'Anti-nausea Medication', '2025-11-24', 28;
EXEC sp_InsertMedicalRecord 29, 'Parasite Infection', 'Anti-parasitic', '2025-11-24', 29;
EXEC sp_InsertMedicalRecord 30, 'Fever', 'Antipyretic Injection', '2025-11-24', 30;

EXEC sp_InsertMedicalRecord 31, 'General Check-up', 'Vitamin Supplement', '2025-11-25', 31;
EXEC sp_InsertMedicalRecord 32, 'Diarrhea', 'Probiotic Medication', '2025-11-25', 32;
EXEC sp_InsertMedicalRecord 33, 'Skin Rash', 'Topical Cream', '2025-11-25', 33;
EXEC sp_InsertMedicalRecord 34, 'Dental Check', 'Dental Cleaning', '2025-11-25', 34;
EXEC sp_InsertMedicalRecord 35, 'Ear Infection', 'Ear Drops', '2025-11-25', 35;
EXEC sp_InsertMedicalRecord 36, 'Fracture', 'Bandage Treatment', '2025-11-25', 36;
EXEC sp_InsertMedicalRecord 37, 'Vaccination', 'Rabies Vaccine', '2025-11-25', 37;
EXEC sp_InsertMedicalRecord 38, 'Vomiting', 'Anti-nausea Medication', '2025-11-25', 38;
EXEC sp_InsertMedicalRecord 39, 'Parasite Infection', 'Anti-parasitic', '2025-11-25', 39;
EXEC sp_InsertMedicalRecord 40, 'Fever', 'Antipyretic Injection', '2025-11-25', 40;

EXEC sp_InsertMedicalRecord 41, 'General Check-up', 'Vitamin Supplement', '2025-11-26', 41;
EXEC sp_InsertMedicalRecord 42, 'Diarrhea', 'Probiotic Medication', '2025-11-26', 42;
EXEC sp_InsertMedicalRecord 43, 'Skin Rash', 'Topical Cream', '2025-11-26', 43;
EXEC sp_InsertMedicalRecord 44, 'Dental Check', 'Dental Cleaning', '2025-11-26', 44;
EXEC sp_InsertMedicalRecord 45, 'Ear Infection', 'Ear Drops', '2025-11-26', 45;
EXEC sp_InsertMedicalRecord 46, 'Fracture', 'Bandage Treatment', '2025-11-26', 46;
EXEC sp_InsertMedicalRecord 47, 'Vaccination', 'Rabies Vaccine', '2025-11-26', 47;
EXEC sp_InsertMedicalRecord 48, 'Vomiting', 'Anti-nausea Medication', '2025-11-26', 48;
EXEC sp_InsertMedicalRecord 49, 'Parasite Infection', 'Anti-parasitic', '2025-11-26', 49;
EXEC sp_InsertMedicalRecord 50, 'Fever', 'Antipyretic Injection', '2025-11-26', 50;

EXEC sp_InsertMedicalRecord 51, 'General Check-up', 'Vitamin Supplement', '2025-11-27', 51;
EXEC sp_InsertMedicalRecord 52, 'Diarrhea', 'Probiotic Medication', '2025-11-27', 52;
EXEC sp_InsertMedicalRecord 53, 'Skin Rash', 'Topical Cream', '2025-11-27', 53;
EXEC sp_InsertMedicalRecord 54, 'Dental Check', 'Dental Cleaning', '2025-11-27', 54;
EXEC sp_InsertMedicalRecord 55, 'Ear Infection', 'Ear Drops', '2025-11-27', 55;
EXEC sp_InsertMedicalRecord 56, 'Fracture', 'Bandage Treatment', '2025-11-27', 56;
EXEC sp_InsertMedicalRecord 57, 'Vaccination', 'Rabies Vaccine', '2025-11-27', 57;
EXEC sp_InsertMedicalRecord 58, 'Vomiting', 'Anti-nausea Medication', '2025-11-27', 58;
EXEC sp_InsertMedicalRecord 59, 'Parasite Infection', 'Anti-parasitic', '2025-11-27', 59;
EXEC sp_InsertMedicalRecord 60, 'Fever', 'Antipyretic Injection', '2025-11-27', 60;

EXEC sp_InsertMedicalRecord 61, 'General Check-up', 'Vitamin Supplement', '2025-11-28', 61;
EXEC sp_InsertMedicalRecord 62, 'Diarrhea', 'Probiotic Medication', '2025-11-28', 62;
EXEC sp_InsertMedicalRecord 63, 'Skin Rash', 'Topical Cream', '2025-11-28', 63;
EXEC sp_InsertMedicalRecord 64, 'Dental Check', 'Dental Cleaning', '2025-11-28', 64;
EXEC sp_InsertMedicalRecord 65, 'Ear Infection', 'Ear Drops', '2025-11-28', 65;
EXEC sp_InsertMedicalRecord 66, 'Fracture', 'Bandage Treatment', '2025-11-28', 66;
EXEC sp_InsertMedicalRecord 67, 'Vaccination', 'Rabies Vaccine', '2025-11-28', 67;
EXEC sp_InsertMedicalRecord 68, 'Vomiting', 'Anti-nausea Medication', '2025-11-28', 68;
EXEC sp_InsertMedicalRecord 69, 'Parasite Infection', 'Anti-parasitic', '2025-11-28', 69;
EXEC sp_InsertMedicalRecord 70, 'Fever', 'Antipyretic Injection', '2025-11-28', 70;

EXEC sp_InsertMedicalRecord 71, 'General Check-up', 'Vitamin Supplement', '2025-11-29', 71;
EXEC sp_InsertMedicalRecord 72, 'Diarrhea', 'Probiotic Medication', '2025-11-29', 72;
EXEC sp_InsertMedicalRecord 73, 'Skin Rash', 'Topical Cream', '2025-11-29', 73;
EXEC sp_InsertMedicalRecord 74, 'Dental Check', 'Dental Cleaning', '2025-11-29', 74;
EXEC sp_InsertMedicalRecord 75, 'Ear Infection', 'Ear Drops', '2025-11-29', 75;
EXEC sp_InsertMedicalRecord 76, 'Fracture', 'Bandage Treatment', '2025-11-29', 76;
EXEC sp_InsertMedicalRecord 77, 'Vaccination', 'Rabies Vaccine', '2025-11-29', 77;
EXEC sp_InsertMedicalRecord 78, 'Vomiting', 'Anti-nausea Medication', '2025-11-29', 78;
EXEC sp_InsertMedicalRecord 79, 'Parasite Infection', 'Anti-parasitic', '2025-11-29', 79;
EXEC sp_InsertMedicalRecord 80, 'Fever', 'Antipyretic Injection', '2025-11-29', 80;

EXEC sp_InsertMedicalRecord 81, 'General Check-up', 'Vitamin Supplement', '2025-11-30', 81;
EXEC sp_InsertMedicalRecord 82, 'Diarrhea', 'Probiotic Medication', '2025-11-30', 82;
EXEC sp_InsertMedicalRecord 83, 'Skin Rash', 'Topical Cream', '2025-11-30', 83;
EXEC sp_InsertMedicalRecord 84, 'Dental Check', 'Dental Cleaning', '2025-11-30', 84;
EXEC sp_InsertMedicalRecord 85, 'Ear Infection', 'Ear Drops', '2025-11-30', 85;
EXEC sp_InsertMedicalRecord 86, 'Fracture', 'Bandage Treatment', '2025-11-30', 86;
EXEC sp_InsertMedicalRecord 87, 'Vaccination', 'Rabies Vaccine', '2025-11-30', 87;
EXEC sp_InsertMedicalRecord 88, 'Vomiting', 'Anti-nausea Medication', '2025-11-30', 88;
EXEC sp_InsertMedicalRecord 89, 'Parasite Infection', 'Anti-parasitic', '2025-11-30', 89;
EXEC sp_InsertMedicalRecord 90, 'Fever', 'Antipyretic Injection', '2025-11-30', 90;

EXEC sp_InsertMedicalRecord 91, 'General Check-up', 'Vitamin Supplement', '2025-12-01', 91;
EXEC sp_InsertMedicalRecord 92, 'Diarrhea', 'Probiotic Medication', '2025-12-01', 92;
EXEC sp_InsertMedicalRecord 93, 'Skin Rash', 'Topical Cream', '2025-12-01', 93;
EXEC sp_InsertMedicalRecord 94, 'Dental Check', 'Dental Cleaning', '2025-12-01', 94;
EXEC sp_InsertMedicalRecord 95, 'Ear Infection', 'Ear Drops', '2025-12-01', 95;
EXEC sp_InsertMedicalRecord 96, 'Fracture', 'Bandage Treatment', '2025-12-01', 96;
EXEC sp_InsertMedicalRecord 97, 'Vaccination', 'Rabies Vaccine', '2025-12-01', 97;
EXEC sp_InsertMedicalRecord 98, 'Vomiting', 'Anti-nausea Medication', '2025-12-01', 98;
EXEC sp_InsertMedicalRecord 99, 'Parasite Infection', 'Anti-parasitic', '2025-12-01', 99;
EXEC sp_InsertMedicalRecord 100, 'Fever', 'Antipyretic Injection', '2025-12-01', 100;

EXEC sp_InsertMedicalRecord 101, 'General Check-up', 'Vitamin Supplement', '2025-12-02', 1;
EXEC sp_InsertMedicalRecord 102, 'Diarrhea', 'Probiotic Medication', '2025-12-02', 2;
EXEC sp_InsertMedicalRecord 103, 'Skin Rash', 'Topical Cream', '2025-12-02', 3;
EXEC sp_InsertMedicalRecord 104, 'Dental Check', 'Dental Cleaning', '2025-12-02', 4;
EXEC sp_InsertMedicalRecord 105, 'Ear Infection', 'Ear Drops', '2025-12-02', 5;
EXEC sp_InsertMedicalRecord 106, 'Fracture', 'Bandage Treatment', '2025-12-02', 6;
EXEC sp_InsertMedicalRecord 107, 'Vaccination', 'Rabies Vaccine', '2025-12-02', 7;
EXEC sp_InsertMedicalRecord 108, 'Vomiting', 'Anti-nausea Medication', '2025-12-02', 8;
EXEC sp_InsertMedicalRecord 109, 'Parasite Infection', 'Anti-parasitic', '2025-12-02', 9;
EXEC sp_InsertMedicalRecord 110, 'Fever', 'Antipyretic Injection', '2025-12-01', 10;

-- Treatment
INSERT INTO TREATMENT (treatment_id, drug_id, pet_id, staff_id, schedule, [status]) VALUES
(1, 37, 1, 1, '2025-11-22', 1),
(2, 84, 2, 1, '2025-11-22', 1),
(3, 12, 3, 1, '2025-11-22', 1),
(4, 65, 4, 1, '2025-11-22', 1),
(5, 28, 5, 1, '2025-11-22', 1),
(6, 91, 6, 1, '2025-11-22', 1),
(7, 54, 7, 1, '2025-11-22', 1),
(8, 7,  8, 1, '2025-11-22', 1),
(9, 33, 9, 1, '2025-11-22', 1),
(10,76,10, 1, '2025-11-22', 1),

(11,19,11, 2, '2025-11-23', 1),
(12,88,12, 2, '2025-11-23', 1),
(13,46,13, 2, '2025-11-23', 1),
(14, 3,14, 2, '2025-11-23', 1),
(15,72,15, 2, '2025-11-23', 1),
(16,59,16, 2, '2025-11-23', 1),
(17, 6,17, 2, '2025-11-23', 1),
(18,41,18, 2, '2025-11-23', 1),
(19,97,19, 2, '2025-11-23', 1),
(20,23,20, 2, '2025-11-23', 1),

(21,50,21, 3, '2025-11-24', 1),
(22,12,22, 3, '2025-11-24', 1),
(23,81,23, 3, '2025-11-24', 1),
(24,29,24, 3, '2025-11-24', 1),
(25,74,25, 3, '2025-11-24', 1),
(26,37,26, 3, '2025-11-24', 1),
(27,90,27, 3, '2025-11-24', 1),
(28,15,28, 3, '2025-11-24', 1),
(29,68,29, 3, '2025-11-24', 1),
(30, 5,30, 3, '2025-11-24', 1),

(31,33,31, 4, '2025-11-25', 1),
(32,80,32, 4, '2025-11-25', 1),
(33,21,33, 4, '2025-11-25', 1),
(34,56,34, 4, '2025-11-25', 1),
(35,99,35, 4, '2025-11-25', 1),
(36, 8,36, 4, '2025-11-25', 1),
(37,44,37, 4, '2025-11-25', 1),
(38,61,38, 4, '2025-11-25', 1),
(39,13,39, 4, '2025-11-25', 1),
(40,78,40, 4, '2025-11-25', 1),

(41,27,41, 5, '2025-11-26', 1),
(42,92,42, 5, '2025-11-26', 1),
(43,35,43, 5, '2025-11-26', 1),
(44,64,44, 5, '2025-11-26', 1),
(45, 7,45, 5, '2025-11-26', 1),
(46,53,46, 5, '2025-11-26', 1),
(47,86,47, 5, '2025-11-26', 1),
(48,16,48, 5, '2025-11-26', 1),
(49,72,49, 5, '2025-11-26', 1),
(50,38,50, 5, '2025-11-26', 1),

(51,49,51, 6, '2025-11-27', 1),
(52, 5,52, 6, '2025-11-27', 1),
(53,90,53, 6, '2025-11-27', 1),
(54,33,54, 6, '2025-11-27', 1),
(55,18,55, 6, '2025-11-27', 1),
(56,75,56, 6, '2025-11-27', 1),
(57,61,57, 6, '2025-11-27', 1),
(58,12,58, 6, '2025-11-27', 1),
(59,87,59, 6, '2025-11-27', 1),
(60,40,60, 6, '2025-11-27', 1),

(61,14,61, 7, '2025-11-28', 1),
(62,87,62, 7, '2025-11-28', 1),
(63,45,63, 7, '2025-11-28', 1),
(64,32,64, 7, '2025-11-28', 1),
(65,68,65, 7, '2025-11-28', 1),
(66, 5,66, 7, '2025-11-28', 1),
(67,76,67, 7, '2025-11-28', 1),
(68,22,68, 7, '2025-11-28', 1),
(69,93,69, 7, '2025-11-28', 1),
(70,38,70, 7, '2025-11-28', 1),

(71,51,71, 8, '2025-11-29', 1),
(72,19,72, 8, '2025-11-29', 1),
(73,84,73, 8, '2025-11-29', 1),
(74, 6,74, 8, '2025-11-29', 1),
(75,77,75, 8, '2025-11-29', 1),
(76,43,76, 8, '2025-11-29', 1),
(77,28,77, 8, '2025-11-29', 1),
(78,95,78, 8, '2025-11-29', 1),
(79,12,79, 8, '2025-11-29', 1),
(80,63,80, 8, '2025-11-29', 1),

(81,41,81, 9, '2025-11-30', 1),
(82,67,82, 9, '2025-11-30', 1),
(83, 9,83, 9, '2025-11-30', 1),
(84,74,84, 9, '2025-11-30', 1),
(85,29,85, 9, '2025-11-30', 1),
(86,82,86, 9, '2025-11-30', 1),
(87,57,87, 9, '2025-11-30', 1),
(88,20,88, 9, '2025-11-30', 1),
(89,95,89, 9, '2025-11-30', 1),
(90,36,90, 9, '2025-11-30', 1),

(91,13,91,10, '2025-12-01', 1),
(92,88,92,10, '2025-12-01', 1),
(93,60,93,10, '2025-12-01', 1),
(94,44,94,10, '2025-12-01', 1),
(95,73,95,10, '2025-12-01', 1),
(96,25,96,10, '2025-12-01', 1),
(97,97,97,10, '2025-12-01', 1),
(98,31,98,10, '2025-12-01', 1),
(99,54,99,10, '2025-12-01', 1),
(100,18,100,10,'2025-12-01', 1),

(101,85, 1, 1, '2025-12-02', 0),
(102,47, 2, 1, '2025-12-02', 1),
(103,29, 3, 1, '2025-12-02', 0),
(104,91, 4, 1, '2025-12-02', 0),
(105, 7, 5, 1, '2025-12-02', 1),
(106,62, 6, 1, '2025-12-02', 1),
(107,36, 7, 1, '2025-12-02', 1),
(108,55, 8, 1, '2025-12-02', 0),
(109,13, 9, 1, '2025-12-02', 1),
(110,98,10, 1, '2025-12-02', 0);



-- Treatment Service
INSERT INTO TREATMENT_SERVICES (treatment_id, drug_id, pet_id, staff_id, [type], price) VALUES
(1, 37, 1, 1, 'Checkup', 150.00),
(2, 84, 2, 1, 'Vaccination', 200.00),
(3, 12, 3, 1, 'Medication', 100.00),
(4, 65, 4, 1, 'Grooming', 120.00),
(5, 28, 5, 1, 'Checkup', 150.00),
(6, 91, 6, 1, 'Surgery', 500.00),
(7, 54, 7, 1, 'Medication', 100.00),
(8, 7, 8, 1, 'Vaccination', 200.00),
(9, 33, 9, 1, 'Grooming', 120.00),
(10, 76, 10, 1, 'Checkup', 150.00),

(11, 19, 11, 2, 'Surgery', 450.00),
(12, 88, 12, 2, 'Medication', 100.00),
(13, 46, 13, 2, 'Checkup', 150.00),
(14, 3, 14, 2, 'Grooming', 120.00),
(15, 72, 15, 2, 'Vaccination', 200.00),
(16, 59, 16, 2, 'Medication', 100.00),
(17, 6, 17, 2, 'Checkup', 150.00),
(18, 41, 18, 2, 'Surgery', 400.00),
(19, 97, 19, 2, 'Grooming', 120.00),
(20, 23, 20, 2, 'Checkup', 150.00),

(21, 50, 21, 3, 'Medication', 100.00),
(22, 12, 22, 3, 'Vaccination', 200.00),
(23, 81, 23, 3, 'Surgery', 500.00),
(24, 29, 24, 3, 'Checkup', 150.00),
(25, 74, 25, 3, 'Grooming', 120.00),
(26, 37, 26, 3, 'Medication', 100.00),
(27, 90, 27, 3, 'Checkup', 150.00),
(28, 15, 28, 3, 'Vaccination', 200.00),
(29, 68, 29, 3, 'Grooming', 120.00),
(30, 5, 30, 3, 'Surgery', 450.00),

(31, 33, 31, 4, 'Checkup', 150.00),
(32, 80, 32, 4, 'Medication', 100.00),
(33, 21, 33, 4, 'Vaccination', 200.00),
(34, 56, 34, 4, 'Grooming', 120.00),
(35, 99, 35, 4, 'Surgery', 500.00),
(36, 8, 36, 4, 'Checkup', 150.00),
(37, 44, 37, 4, 'Medication', 100.00),
(38, 61, 38, 4, 'Vaccination', 200.00),
(39, 13, 39, 4, 'Grooming', 120.00),
(40, 78, 40, 4, 'Checkup', 150.00),

(41, 27, 41, 5, 'Surgery', 400.00),
(42, 92, 42, 5, 'Medication', 100.00),
(43, 35, 43, 5, 'Checkup', 150.00),
(44, 64, 44, 5, 'Grooming', 120.00),
(45, 7, 45, 5, 'Vaccination', 200.00),
(46, 53, 46, 5, 'Medication', 100.00),
(47, 86, 47, 5, 'Checkup', 150.00),
(48, 16, 48, 5, 'Surgery', 450.00),
(49, 72, 49, 5, 'Grooming', 120.00),
(50, 38, 50, 5, 'Checkup', 150.00),

(51, 49, 51, 6, 'Medication', 100.00),
(52, 5, 52, 6, 'Vaccination', 200.00),
(53, 90, 53, 6, 'Surgery', 500.00),
(54, 33, 54, 6, 'Checkup', 150.00),
(55, 18, 55, 6, 'Grooming', 120.00),
(56, 75, 56, 6, 'Medication', 100.00),
(57, 61, 57, 6, 'Checkup', 150.00),
(58, 12, 58, 6, 'Vaccination', 200.00),
(59, 87, 59, 6, 'Grooming', 120.00),
(60, 40, 60, 6, 'Checkup', 150.00),

(61, 14, 61, 7, 'Surgery', 400.00),
(62, 87, 62, 7, 'Medication', 100.00),
(63, 45, 63, 7, 'Checkup', 150.00),
(64, 32, 64, 7, 'Vaccination', 200.00),
(65, 68, 65, 7, 'Grooming', 120.00),
(66, 5, 66, 7, 'Medication', 100.00),
(67, 76, 67, 7, 'Checkup', 150.00),
(68, 22, 68, 7, 'Surgery', 450.00),
(69, 93, 69, 7, 'Grooming', 120.00),
(70, 38, 70, 7, 'Checkup', 150.00),

(71, 51, 71, 8, 'Vaccination', 200.00),
(72, 19, 72, 8, 'Medication', 100.00),
(73, 84, 73, 8, 'Checkup', 150.00),
(74, 6, 74, 8, 'Grooming', 120.00),
(75, 77, 75, 8, 'Surgery', 400.00),
(76, 43, 76, 8, 'Checkup', 150.00),
(77, 28, 77, 8, 'Medication', 100.00),
(78, 95, 78, 8, 'Vaccination', 200.00),
(79, 12, 79, 8, 'Grooming', 120.00),
(80, 63, 80, 8, 'Checkup', 150.00),

(81, 41, 81, 9, 'Medication', 100.00),
(82, 67, 82, 9, 'Checkup', 150.00),
(83, 9, 83, 9, 'Vaccination', 200.00),
(84, 74, 84, 9, 'Surgery', 500.00),
(85, 29, 85, 9, 'Grooming', 120.00),
(86, 82, 86, 9, 'Checkup', 150.00),
(87, 57, 87, 9, 'Medication', 100.00),
(88, 20, 88, 9, 'Vaccination', 200.00),
(89, 95, 89, 9, 'Grooming', 120.00),
(90, 36, 90, 9, 'Checkup', 150.00),

(91, 13, 91, 10, 'Surgery', 450.00),
(92, 88, 92, 10, 'Checkup', 150.00),
(93, 60, 93, 10, 'Medication', 100.00),
(94, 44, 94, 10, 'Grooming', 120.00),
(95, 73, 95, 10, 'Checkup', 150.00),
(96, 25, 96, 10, 'Vaccination', 200.00),
(97, 97, 97, 10, 'Surgery', 500.00),
(98, 31, 98, 10, 'Checkup', 150.00),
(99, 54, 99, 10, 'Medication', 100.00),
(100, 18, 100, 10, 'Grooming', 120.00);


-- Serves
INSERT INTO SERVES (serves_id, pet_id, staff_id, schedule, [status]) VALUES
(1, 12, 11, '2025-11-22', 1),
(2, 37, 11, '2025-11-22', 1),
(3, 55, 11, '2025-11-22', 1),
(4, 92, 11, '2025-11-22', 1),
(5, 7,  11, '2025-11-22', 1),
(6, 84, 11, '2025-11-22', 1),
(7, 29, 11, '2025-11-22', 1),
(8, 48, 11, '2025-11-22', 1),
(9, 11, 11, '2025-11-22', 1),
(10,66, 11, '2025-11-22', 1),
(11,22, 12, '2025-11-23', 1),
(12,91, 12, '2025-11-23', 1),
(13,7,  12, '2025-11-23', 1),
(14,48, 12, '2025-11-23', 1),
(15,63, 12, '2025-11-23', 1),
(16,35, 12, '2025-11-23', 1),
(17,84, 12, '2025-11-23', 1),
(18,19, 12, '2025-11-23', 1),
(19,72, 12, '2025-11-23', 1),
(20,57, 12, '2025-11-23', 1),
(21,5,  13, '2025-11-24', 1),
(22,88, 13, '2025-11-24', 1),
(23,34, 13, '2025-11-24', 1),
(24,72, 13, '2025-11-24', 1),
(25,16, 13, '2025-11-24', 1),
(26,49, 13, '2025-11-24', 1),
(27,61, 13, '2025-11-24', 1),
(28,27, 13, '2025-11-24', 1),
(29,93, 13, '2025-11-24', 1),
(30,11, 13, '2025-11-24', 1),
(31,38, 14, '2025-11-25', 1),
(32,76, 14, '2025-11-25', 1),
(33,19, 14, '2025-11-25', 1),
(34,64, 14, '2025-11-25', 1),
(35,5,  14, '2025-11-25', 1),
(36,87, 14, '2025-11-25', 1),
(37,23, 14, '2025-11-25', 1),
(38,90, 14, '2025-11-25', 1),
(39,56, 14, '2025-11-25', 1),
(40,12, 14, '2025-11-25', 1),
(41,34, 15, '2025-11-26', 1),
(42,7,  15, '2025-11-26', 1),
(43,61, 15, '2025-11-26', 1),
(44,98, 15, '2025-11-26', 1),
(45,45, 15, '2025-11-26', 1),
(46,29, 15, '2025-11-26', 1),
(47,80, 15, '2025-11-26', 1),
(48,53, 15, '2025-11-26', 1),
(49,16, 15, '2025-11-26', 1),
(50,72, 15, '2025-11-26', 1),
(51,12, 16, '2025-11-27', 1),
(52,44, 16, '2025-11-27', 1),
(53,77, 16, '2025-11-27', 1),
(54,3,  16, '2025-11-27', 1),
(55,91, 16, '2025-11-27', 1),
(56,66, 16, '2025-11-27', 1),
(57,28, 16, '2025-11-27', 1),
(58,53, 16, '2025-11-27', 1),
(59,35, 16, '2025-11-27', 1),
(60,82, 16, '2025-11-27', 1),
(61,23, 17, '2025-11-28', 1),
(62,87, 17, '2025-11-28', 1),
(63,45, 17, '2025-11-28', 1),
(64,12, 17, '2025-11-28', 1),
(65,34, 17, '2025-11-28', 1),
(66,56, 17, '2025-11-28', 1),
(67,78, 17, '2025-11-28', 1),
(68,9,  17, '2025-11-28', 1),
(69,67, 17, '2025-11-28', 1),
(70,41, 17, '2025-11-28', 1),
(71,5,  18, '2025-11-29', 1),
(72,62, 18, '2025-11-29', 1),
(73,30, 18, '2025-11-29', 1),
(74,89, 18, '2025-11-29', 1),
(75,47, 18, '2025-11-29', 1),
(76,18, 18, '2025-11-29', 1),
(77,99, 18, '2025-11-29', 1),
(78,36, 18, '2025-11-29', 1),
(79,74, 18, '2025-11-29', 1),
(80,50, 18, '2025-11-29', 1),
(81,13, 19, '2025-11-30', 1),
(82,69, 19, '2025-11-30', 1),
(83,24, 19, '2025-11-30', 1),
(84,88, 19, '2025-11-30', 1),
(85,37, 19, '2025-11-30', 1),
(86,61, 19, '2025-11-30', 1),
(87,92, 19, '2025-11-30', 1),
(88,7,  19, '2025-11-30', 1),
(89,55, 19, '2025-11-30', 1),
(90,33, 19, '2025-11-30', 1),
(91,42, 20, '2025-12-01', 1),
(92,81, 20, '2025-12-01', 1),
(93,14, 20, '2025-12-01', 1),
(94,63, 20, '2025-12-01', 1),
(95,26, 20, '2025-12-01', 1),
(96,97, 20, '2025-12-01', 1),
(97,51, 20, '2025-12-01', 1),
(98,34, 20, '2025-12-01', 1),
(99,75, 20, '2025-12-01', 1),
(100,9, 20, '2025-12-01', 1),
(101,38, 11,  '2025-12-02', 1),
(102,71, 11,  '2025-12-02', 0),
(103,16, 11,  '2025-12-02', 1),
(104,84, 11,  '2025-12-02', 0),
(105,59, 11,  '2025-12-02', 1),
(106,45, 11,  '2025-12-02', 1),
(107,28, 11,  '2025-12-02', 1),
(108,90, 11,  '2025-12-02', 1),
(109,64, 11,  '2025-12-02', 0),
(110,11, 11,  '2025-12-02', 1);


-- Serve Services
INSERT INTO SERVES_SERVICES (serves_id, pet_id, staff_id, [type], price) VALUES
(1, 12, 11, 'Grooming Basic', 50.00),
(2, 37, 11, 'Grooming Premium', 80.00),
(3, 55, 11, 'Nail Trim', 20.00),
(4, 92, 11, 'Bath', 30.00),
(5, 7,  11, 'Fur Treatment', 45.00),
(6, 84, 11, 'Ear Cleaning', 25.00),
(7, 29, 11, 'Teeth Brushing', 15.00),
(8, 48, 11, 'Flea Treatment', 40.00),
(9, 11, 11, 'De-shedding', 35.00),
(10,66, 11, 'Massage', 55.00),

(11,22, 12, 'Grooming Basic', 50.00),
(12,91, 12, 'Grooming Premium', 80.00),
(13,7,  12, 'Nail Trim', 20.00),
(14,48, 12, 'Bath', 30.00),
(15,63, 12, 'Fur Treatment', 45.00),
(16,35, 12, 'Ear Cleaning', 25.00),
(17,84, 12, 'Teeth Brushing', 15.00),
(18,19, 12, 'Flea Treatment', 40.00),
(19,72, 12, 'De-shedding', 35.00),
(20,57, 12, 'Massage', 55.00),

(21,5,  13, 'Grooming Basic', 50.00),
(22,88, 13, 'Grooming Premium', 80.00),
(23,34, 13, 'Nail Trim', 20.00),
(24,72, 13, 'Bath', 30.00),
(25,16, 13, 'Fur Treatment', 45.00),
(26,49, 13, 'Ear Cleaning', 25.00),
(27,61, 13, 'Teeth Brushing', 15.00),
(28,27, 13, 'Flea Treatment', 40.00),
(29,93, 13, 'De-shedding', 35.00),
(30,11, 13, 'Massage', 55.00),

(31,38, 14, 'Grooming Basic', 50.00),
(32,76, 14, 'Grooming Premium', 80.00),
(33,19, 14, 'Nail Trim', 20.00),
(34,64, 14, 'Bath', 30.00),
(35,5,  14, 'Fur Treatment', 45.00),
(36,87, 14, 'Ear Cleaning', 25.00),
(37,23, 14, 'Teeth Brushing', 15.00),
(38,90, 14, 'Flea Treatment', 40.00),
(39,56, 14, 'De-shedding', 35.00),
(40,12, 14, 'Massage', 55.00),

(41,34, 15, 'Grooming Basic', 50.00),
(42,7,  15, 'Grooming Premium', 80.00),
(43,61, 15, 'Nail Trim', 20.00),
(44,98, 15, 'Bath', 30.00),
(45,45, 15, 'Fur Treatment', 45.00),
(46,29, 15, 'Ear Cleaning', 25.00),
(47,80, 15, 'Teeth Brushing', 15.00),
(48,53, 15, 'Flea Treatment', 40.00),
(49,16, 15, 'De-shedding', 35.00),
(50,72, 15, 'Massage', 55.00),

(51,12, 16, 'Grooming Basic', 50.00),
(52,44, 16, 'Grooming Premium', 80.00),
(53,77, 16, 'Nail Trim', 20.00),
(54,3,  16, 'Bath', 30.00),
(55,91, 16, 'Fur Treatment', 45.00),
(56,66, 16, 'Ear Cleaning', 25.00),
(57,28, 16, 'Teeth Brushing', 15.00),
(58,53, 16, 'Flea Treatment', 40.00),
(59,35, 16, 'De-shedding', 35.00),
(60,82, 16, 'Massage', 55.00),

(61,23, 17, 'Grooming Basic', 50.00),
(62,87, 17, 'Grooming Premium', 80.00),
(63,45, 17, 'Nail Trim', 20.00),
(64,12, 17, 'Bath', 30.00),
(65,34, 17, 'Fur Treatment', 45.00),
(66,56, 17, 'Ear Cleaning', 25.00),
(67,78, 17, 'Teeth Brushing', 15.00),
(68,9,  17, 'Flea Treatment', 40.00),
(69,67, 17, 'De-shedding', 35.00),
(70,41, 17, 'Massage', 55.00),

(71,5,  18, 'Grooming Basic', 50.00),
(72,62, 18, 'Grooming Premium', 80.00),
(73,30, 18, 'Nail Trim', 20.00),
(74,89, 18, 'Bath', 30.00),
(75,47, 18, 'Fur Treatment', 45.00),
(76,18, 18, 'Ear Cleaning', 25.00),
(77,99, 18, 'Teeth Brushing', 15.00),
(78,36, 18, 'Flea Treatment', 40.00),
(79,74, 18, 'De-shedding', 35.00),
(80,50, 18, 'Massage', 55.00),

(81,13, 19, 'Grooming Basic', 50.00),
(82,69, 19, 'Grooming Premium', 80.00),
(83,24, 19, 'Nail Trim', 20.00),
(84,88, 19, 'Bath', 30.00),
(85,37, 19, 'Fur Treatment', 45.00),
(86,61, 19, 'Ear Cleaning', 25.00),
(87,92, 19, 'Teeth Brushing', 15.00),
(88,7,  19, 'Flea Treatment', 40.00),
(89,55, 19, 'De-shedding', 35.00),
(90,33, 19, 'Massage', 55.00),

(91,42, 20, 'Grooming Basic', 50.00),
(92,81, 20, 'Grooming Premium', 80.00),
(93,14, 20, 'Nail Trim', 20.00),
(94,63, 20, 'Bath', 30.00),
(95,26, 20, 'Fur Treatment', 45.00),
(96,97, 20, 'Ear Cleaning', 25.00),
(97,51, 20, 'Teeth Brushing', 15.00),
(98,34, 20, 'Flea Treatment', 40.00),
(99,75, 20, 'De-shedding', 35.00),
(100,9, 20, 'Massage', 55.00),

(101,38, 11, 'Grooming Basic', 50.00),
(102,71, 11, 'Grooming Premium', 80.00),
(103,16, 11, 'Nail Trim', 20.00),
(104,84, 11, 'Bath', 30.00),
(105,59, 11, 'Fur Treatment', 45.00),
(106,45, 11, 'Ear Cleaning', 25.00),
(107,28, 11, 'Teeth Brushing', 15.00),
(108,90, 11, 'Flea Treatment', 40.00),
(109,64, 11, 'De-shedding', 35.00),
(110,11, 11, 'Massage', 55.00);

-- Pays
INSERT INTO PAYS (payment_id, cust_id, staff_id, pay_method, [datetime]) VALUES
(1, 15, 21, 'Cash',       '2025-11-22'),
(2, 37, 21, 'Debit',      '2025-11-22'),
(3, 42, 21, 'Credit',     '2025-11-22'),
(4, 11, 21, 'E-Wallet',   '2025-11-22'),
(5, 19, 21, 'Cash',       '2025-11-22'),
(6, 21, 21, 'Debit',      '2025-11-22'),
(7, 45, 21, 'Credit',     '2025-11-22'),
(8, 16, 21, 'E-Wallet',   '2025-11-22'),
(9, 33, 21, 'Cash',       '2025-11-22'),
(10,50, 21, 'Debit',      '2025-11-22'),
(11,29, 22, 'Credit',     '2025-11-23'),
(12,40, 22, 'E-Wallet',   '2025-11-23'),
(13,52, 22, 'Cash',       '2025-11-23'),
(14,63, 22, 'Debit',      '2025-11-23'),
(15,18, 22, 'Credit',     '2025-11-23'),
(16,91, 22, 'E-Wallet',   '2025-11-23'),
(17,70, 22, 'Cash',       '2025-11-23'),
(18,30, 22, 'Debit',      '2025-11-23'),
(19,10, 22, 'Credit',     '2025-11-23'),
(20,99, 22, 'E-Wallet',   '2025-11-23'),
(21,7,  23, 'Cash',       '2025-11-24'),
(22,55, 23, 'Debit',      '2025-11-24'),
(23,36, 23, 'Credit',     '2025-11-24'),
(24,82, 23, 'E-Wallet',   '2025-11-24'),
(25,19, 23, 'Cash',       '2025-11-24'),
(26,44, 23, 'Debit',      '2025-11-24'),
(27,68, 23, 'Credit',     '2025-11-24'),
(28,13, 23, 'E-Wallet',   '2025-11-24'),
(29,97, 23, 'Cash',       '2025-11-24'),
(30,50, 23, 'Debit',      '2025-11-24'),
(31,21, 24, 'Credit',     '2025-11-25'),
(32,61, 24, 'E-Wallet',   '2025-11-25'),
(33,88, 24, 'Cash',       '2025-11-25'),
(34,34, 24, 'Debit',      '2025-11-25'),
(35,72, 24, 'Credit',     '2025-11-25'),
(36,17, 24, 'E-Wallet',   '2025-11-25'),
(37,39, 24, 'Cash',       '2025-11-25'),
(38,55, 24, 'Debit',      '2025-11-25'),
(39,12, 24, 'Credit',     '2025-11-25'),
(40,93, 24, 'E-Wallet',   '2025-11-25'),
(41,46, 25, 'Cash',       '2025-11-26'),
(42,7,  25, 'Debit',      '2025-11-26'),
(43,81, 25, 'Credit',     '2025-11-26'),
(44,29, 25, 'E-Wallet',   '2025-11-26'),
(45,63, 25, 'Cash',       '2025-11-26'),
(46,90, 25, 'Debit',      '2025-11-26'),
(47,14, 25, 'Credit',     '2025-11-26'),
(48,58, 25, 'E-Wallet',   '2025-11-26'),
(49,35, 25, 'Cash',       '2025-11-26'),
(50,77, 25, 'Debit',      '2025-11-26'),
(51,22, 21, 'Credit',     '2025-11-27'),
(52,66, 21, 'E-Wallet',   '2025-11-27'),
(53,8,  21, 'Cash',       '2025-11-27'),
(54,53, 21, 'Debit',      '2025-11-27'),
(55,91, 21, 'Credit',     '2025-11-27'),
(56,40, 21, 'E-Wallet',   '2025-11-27'),
(57,3,  21, 'Cash',       '2025-11-27'),
(58,79, 21, 'Debit',      '2025-11-27'),
(59,37, 21, 'Credit',     '2025-11-27'),
(60,12, 21, 'E-Wallet',   '2025-11-27'),
(61,44, 22, 'Cash',       '2025-11-28'),
(62,9,  22, 'Debit',      '2025-11-28'),
(63,73, 22, 'Credit',     '2025-11-28'),
(64,28, 22, 'E-Wallet',   '2025-11-28'),
(65,56, 22, 'Cash',       '2025-11-28'),
(66,91, 22, 'Debit',      '2025-11-28'),
(67,15, 22, 'Credit',     '2025-11-28'),
(68,38, 22, 'E-Wallet',   '2025-11-28'),
(69,61, 22, 'Cash',       '2025-11-28'),
(70,7,  22, 'Debit',      '2025-11-28'),
(71,82, 23, 'Credit',     '2025-11-29'),
(72,34, 23, 'E-Wallet',   '2025-11-29'),
(73,10, 23, 'Cash',       '2025-11-29'),
(74,59, 23, 'Debit',      '2025-11-29'),
(75,95, 23, 'Credit',     '2025-11-29'),
(76,48, 23, 'E-Wallet',   '2025-11-29'),
(77,22, 23, 'Cash',       '2025-11-29'),
(78,66, 23, 'Debit',      '2025-11-29'),
(79,30, 23, 'Credit',     '2025-11-29'),
(80,11, 23, 'E-Wallet',   '2025-11-29'),
(81,14, 24, 'Cash',       '2025-11-30'),
(82,79, 24, 'Debit',      '2025-11-30'),
(83,41, 24, 'Credit',     '2025-11-30'),
(84,57, 24, 'E-Wallet',   '2025-11-30'),
(85,36, 24, 'Cash',       '2025-11-30'),
(86,69, 24, 'Debit',      '2025-11-30'),
(87,24, 24, 'Credit',     '2025-11-30'),
(88,63, 24, 'E-Wallet',   '2025-11-30'),
(89,12, 24, 'Cash',       '2025-11-30'),
(90,85, 24, 'Debit',      '2025-11-30'),
(91,33, 25, 'Credit',     '2025-12-01'),
(92,70, 25, 'E-Wallet',   '2025-12-01'),
(93,5,  25, 'Cash',       '2025-12-01'),
(94,90, 25, 'Debit',      '2025-12-01'),
(95,48, 25, 'Credit',     '2025-12-01'),
(96,17, 25, 'E-Wallet',   '2025-12-01'),
(97,61, 25, 'Cash',       '2025-12-01'),
(98,39, 25, 'Debit',      '2025-12-01'),
(99,27, 25, 'Credit',     '2025-12-01'),
(100,72, 25, 'E-Wallet',  '2025-12-01'),
(101,54, 21, 'Cash',      '2025-12-02'),
(102,11, 21, 'Debit',     '2025-12-02'),
(103,83, 21, 'Credit',    '2025-12-02'),
(104,38, 21, 'E-Wallet',  '2025-12-02'),
(105,65, 21, 'Cash',      '2025-12-02'),
(106,22, 21, 'Debit',     '2025-12-02'),
(107,7,  21, 'Credit',    '2025-12-02'),
(108,44, 21, 'E-Wallet',  '2025-12-02'),
(109,92, 21, 'Cash',      '2025-12-02'),
(110,30, 21, 'Debit',     '2025-12-02');


-- Transact
INSERT INTO TRANSACT (transact_id, cust_id, staff_id, product_id, schedule, status)
VALUES
(1, 1, 21, 37, '2025-11-22', 1),
(2, 2, 21, 5,  '2025-11-22', 1),
(3, 3, 21, 92, '2025-11-22', 1),
(4, 4, 21, 11, '2025-11-22', 1),
(5, 5, 21, 71, '2025-11-22', 1),
(6, 6, 21, 64, '2025-11-22', 1),
(7, 7, 21, 88, '2025-11-22', 1),
(8, 8, 21, 23, '2025-11-22', 1),
(9, 9, 21, 49, '2025-11-22', 1),
(10, 10, 21, 13, '2025-11-22', 1),
(11, 11, 22, 55, '2025-11-23', 1),
(12, 12, 22, 6,  '2025-11-23', 1),
(13, 13, 22, 78, '2025-11-23', 1),
(14, 14, 22, 34, '2025-11-23', 1),
(15, 15, 22, 19, '2025-11-23', 1),
(16, 16, 22, 82, '2025-11-23', 1),
(17, 17, 22, 12, '2025-11-23', 1),
(18, 18, 22, 47, '2025-11-23', 1),
(19, 19, 22, 91, '2025-11-23', 1),
(20, 20, 22, 38, '2025-11-23', 1),
(21, 21, 23, 25, '2025-11-24', 1),
(22, 22, 23, 63, '2025-11-24', 1),
(23, 23, 23, 84, '2025-11-24', 1),
(24, 24, 23, 10, '2025-11-24', 1),
(25, 25, 23, 56, '2025-11-24', 1),
(26, 26, 23, 2,  '2025-11-24', 1),
(27, 27, 23, 90, '2025-11-24', 1),
(28, 28, 23, 43, '2025-11-24', 1),
(29, 29, 23, 7,  '2025-11-24', 1),
(30, 30, 23, 68, '2025-11-24', 1),
(31, 31, 24, 17, '2025-11-25', 1),
(32, 32, 24, 50, '2025-11-25', 1),
(33, 33, 24, 36, '2025-11-25', 1),
(34, 34, 24, 85, '2025-11-25', 1),
(35, 35, 24, 61, '2025-11-25', 1),
(36, 36, 24, 14, '2025-11-25', 1),
(37, 37, 24, 97, '2025-11-25', 1),
(38, 38, 24, 8,  '2025-11-25', 1),
(39, 39, 24, 31, '2025-11-25', 1),
(40, 40, 24, 66, '2025-11-25', 1),
(41, 41, 25, 9,  '2025-11-26', 1),
(42, 42, 25, 44, '2025-11-26', 1),
(43, 43, 25, 76, '2025-11-26', 1),
(44, 44, 25, 12, '2025-11-26', 1),
(45, 45, 25, 53, '2025-11-26', 1),
(46, 46, 25, 30, '2025-11-26', 1),
(47, 47, 25, 81, '2025-11-26', 1),
(48, 48, 25, 19, '2025-11-26', 1),
(49, 49, 25, 64, '2025-11-26', 1),
(50, 50, 25, 27, '2025-11-26', 1),
(51, 51, 21, 11, '2025-11-27', 1),
(52, 52, 21, 73, '2025-11-27', 1),
(53, 53, 21, 39, '2025-11-27', 1),
(54, 54, 21, 92, '2025-11-27', 1),
(55, 55, 21, 5,  '2025-11-27', 1),
(56, 56, 21, 48, '2025-11-27', 1),
(57, 57, 21, 22, '2025-11-27', 1),
(58, 58, 21, 60, '2025-11-27', 1),
(59, 59, 21, 14, '2025-11-27', 1),
(60, 60, 21, 87, '2025-11-27', 1),
(61, 61, 22, 17, '2025-11-28', 1),
(62, 62, 22, 82, '2025-11-28', 1),
(63, 63, 22, 41, '2025-11-28', 1),
(64, 64, 22, 56, '2025-11-28', 1),
(65, 65, 22, 93, '2025-11-28', 1),
(66, 66, 22, 8,  '2025-11-28', 1),
(67, 67, 22, 27, '2025-11-28', 1),
(68, 68, 22, 64, '2025-11-28', 1),
(69, 69, 22, 39, '2025-11-28', 1),
(70, 70, 22, 5,  '2025-11-28', 1),
(71, 71, 23, 77, '2025-11-29', 1),
(72, 72, 23, 22, '2025-11-29', 1),
(73, 73, 23, 88, '2025-11-29', 1),
(74, 74, 23, 46, '2025-11-29', 1),
(75, 75, 23, 61, '2025-11-29', 1),
(76, 76, 23, 13, '2025-11-29', 1),
(77, 77, 23, 97, '2025-11-29', 1),
(78, 78, 23, 34, '2025-11-29', 1),
(79, 79, 23, 50, '2025-11-29', 1),
(80, 80, 23, 6,  '2025-11-29', 1),
(81, 81, 24, 15, '2025-11-30', 1),
(82, 82, 24, 44, '2025-11-30', 1),
(83, 83, 24, 91, '2025-11-30', 1),
(84, 84, 24, 7,  '2025-11-30', 1),
(85, 85, 24, 69, '2025-11-30', 1),
(86, 86, 24, 28, '2025-11-30', 1),
(87, 87, 24, 38, '2025-11-30', 1),
(88, 88, 24, 52, '2025-11-30', 1),
(89, 89, 24, 12, '2025-11-30', 1),
(90, 90, 24, 63, '2025-11-30', 1),
(91, 91, 25, 81, '2025-12-01', 1),
(92, 92, 25, 36, '2025-12-01', 1),
(93, 93, 25, 17, '2025-12-01', 1),
(94, 94, 25, 62, '2025-12-01', 1),
(95, 95, 25, 9,  '2025-12-01', 1),
(96, 96, 25, 73, '2025-12-01', 1),
(97, 97, 25, 55, '2025-12-01', 1),
(98, 98, 25, 21, '2025-12-01', 1),
(99, 99, 25, 49, '2025-12-01', 1),
(100, 100, 25, 14, '2025-12-01', 1),
(101, 1, 21, 32, '2025-12-02', 1),
(102, 2, 21, 74, '2025-12-02', 1),
(103, 3, 21, 8,  '2025-12-02', 1),
(104, 4, 21, 59, '2025-12-02', 1),
(105, 5, 21, 90, '2025-12-02', 1),
(106, 6, 21, 41, '2025-12-02', 1),
(107, 7, 21, 18, '2025-12-02', 1),
(108, 8, 21, 65, '2025-12-02', 1),
(109, 9, 21, 27, '2025-12-02', 1),
(110, 10, 21, 50, '2025-12-02', 1);
